,Cluster
APS.p1c10r1,APS
APS.p1c10r3,APS
APS.p1c10r4,APS
APS.p1c10r6,APS
APS.p1c10r7,APS
APS.p1c11r2,APS
APS.p1c11r3,APS
APS.p1c11r6,APS
APS.p1c11r7,APS
APS.p1c12r2,APS
APS.p1c12r3,APS
APS.p1c12r4,APS
APS.p1c12r5,APS
APS.p1c12r6,APS
APS.p1c12r7,APS
APS.p1c1r2,APS
APS.p1c1r5,APS
APS.p1c1r8,APS
APS.p1c2r2,APS
APS.p1c2r3,APS
APS.p1c2r4,APS
APS.p1c2r6,APS
APS.p1c3r1,APS
APS.p1c3r3,APS
APS.p1c3r4,APS
APS.p1c3r5,APS
APS.p1c3r6,APS
APS.p1c4r2,APS
APS.p1c4r5,APS
APS.p1c4r6,APS
APS.p1c4r7,APS
APS.p1c4r8,APS
APS.p1c5r1,APS
APS.p1c5r2,APS
APS.p1c5r3,APS
APS.p1c5r4,APS
APS.p1c5r7,APS
APS.p1c5r8,APS
APS.p1c6r2,APS
APS.p1c6r3,APS
APS.p1c6r4,APS
APS.p1c6r5,APS
APS.p1c6r6,APS
APS.p1c6r8,APS
APS.p1c7r2,APS
APS.p1c7r3,APS
APS.p1c7r4,APS
APS.p1c7r5,APS
APS.p1c7r6,APS
APS.p1c8r1,APS
APS.p1c8r3,APS
APS.p1c8r4,APS
APS.p1c8r5,APS
APS.p1c9r1,APS
APS.p1c9r2,APS
APS.p1c9r3,APS
APS.p1c9r4,APS
APS.p1c9r6,APS
APS.p1c9r7,APS
cDM.p4c10r1,cDM
cDM.p4c10r2,cDM
cDM.p4c10r4,cDM
cDM.p4c10r5,cDM
cDM.p4c10r6,cDM
cDM.p4c11r1,cDM
cDM.p4c11r3,cDM
cDM.p4c11r5,cDM
cDM.p4c11r7,cDM
cDM.p4c11r8,cDM
cDM.p4c12r2,cDM
cDM.p4c12r3,cDM
cDM.p4c12r4,cDM
cDM.p4c12r5,cDM
cDM.p4c12r6,cDM
cDM.p4c12r7,cDM
cDM.p4c1r1,cDM
cDM.p4c1r2,cDM
cDM.p4c1r3,cDM
cDM.p4c1r4,cDM
cDM.p4c1r5,cDM
cDM.p4c1r7,cDM
cDM.p4c1r8,cDM
cDM.p4c2r2,cDM
cDM.p4c2r3,cDM
cDM.p4c2r4,cDM
cDM.p4c2r5,cDM
cDM.p4c2r6,cDM
cDM.p4c2r7,cDM
cDM.p4c3r1,cDM
cDM.p4c3r3,cDM
cDM.p4c3r6,cDM
cDM.p4c3r8,cDM
cDM.p4c4r1,cDM
cDM.p4c4r2,cDM
cDM.p4c4r3,cDM
cDM.p4c4r4,cDM
cDM.p4c4r5,cDM
cDM.p4c4r6,cDM
cDM.p4c4r8,cDM
cDM.p4c5r2,cDM
cDM.p4c5r3,cDM
cDM.p4c5r6,cDM
cDM.p4c5r7,cDM
cDM.p4c6r2,cDM
cDM.p4c6r3,cDM
cDM.p4c6r7,cDM
cDM.p4c7r1,cDM
cDM.p4c7r3,cDM
cDM.p4c7r4,cDM
cDM.p4c7r5,cDM
cDM.p4c7r6,cDM
cDM.p4c7r7,cDM
cDM.p4c7r8,cDM
cDM.p4c8r1,cDM
cDM.p4c8r2,cDM
cDM.p4c8r3,cDM
cDM.p4c8r4,cDM
cDM.p4c8r6,cDM
cDM.p4c8r7,cDM
cDM.p4c9r1,cDM
cDM.p4c9r2,cDM
cDM.p4c9r3,cDM
cDM.p4c9r4,cDM
cDM.p4c9r5,cDM
cDM.p4c9r6,cDM
cDM.p4c9r7,cDM
D2_25somitomere.p9c10r2,D2.25_Smtmrs
D2_25somitomere.p9c10r3,D2.25_Smtmrs
D2_25somitomere.p9c10r4,D2.25_Smtmrs
D2_25somitomere.p9c10r6,D2.25_Smtmrs
D2_25somitomere.p9c10r7,D2.25_Smtmrs
D2_25somitomere.p9c10r8,D2.25_Smtmrs
D2_25somitomere.p9c11r1,D2.25_Smtmrs
D2_25somitomere.p9c11r2,D2.25_Smtmrs
D2_25somitomere.p9c11r3,D2.25_Smtmrs
D2_25somitomere.p9c11r4,D2.25_Smtmrs
D2_25somitomere.p9c11r6,D2.25_Smtmrs
D2_25somitomere.p9c11r7,D2.25_Smtmrs
D2_25somitomere.p9c11r8,D2.25_Smtmrs
D2_25somitomere.p9c12r1,D2.25_Smtmrs
D2_25somitomere.p9c12r2,D2.25_Smtmrs
D2_25somitomere.p9c12r3,D2.25_Smtmrs
D2_25somitomere.p9c12r4,D2.25_Smtmrs
D2_25somitomere.p9c12r6,D2.25_Smtmrs
D2_25somitomere.p9c12r7,D2.25_Smtmrs
D2_25somitomere.p9c1r1,D2.25_Smtmrs
D2_25somitomere.p9c1r2,D2.25_Smtmrs
D2_25somitomere.p9c1r3,D2.25_Smtmrs
D2_25somitomere.p9c1r5,D2.25_Smtmrs
D2_25somitomere.p9c1r7,D2.25_Smtmrs
D2_25somitomere.p9c2r1,D2.25_Smtmrs
D2_25somitomere.p9c2r2,D2.25_Smtmrs
D2_25somitomere.p9c2r4,D2.25_Smtmrs
D2_25somitomere.p9c2r5,D2.25_Smtmrs
D2_25somitomere.p9c2r6,D2.25_Smtmrs
D2_25somitomere.p9c2r7,D2.25_Smtmrs
D2_25somitomere.p9c2r8,D2.25_Smtmrs
D2_25somitomere.p9c3r1,D2.25_Smtmrs
D2_25somitomere.p9c3r2,D2.25_Smtmrs
D2_25somitomere.p9c3r4,D2.25_Smtmrs
D2_25somitomere.p9c3r6,D2.25_Smtmrs
D2_25somitomere.p9c4r1,D2.25_Smtmrs
D2_25somitomere.p9c4r2,D2.25_Smtmrs
D2_25somitomere.p9c4r3,D2.25_Smtmrs
D2_25somitomere.p9c4r4,D2.25_Smtmrs
D2_25somitomere.p9c4r5,D2.25_Smtmrs
D2_25somitomere.p9c4r6,D2.25_Smtmrs
D2_25somitomere.p9c4r7,D2.25_Smtmrs
D2_25somitomere.p9c5r1,D2.25_Smtmrs
D2_25somitomere.p9c5r2,D2.25_Smtmrs
D2_25somitomere.p9c5r3,D2.25_Smtmrs
D2_25somitomere.p9c5r4,D2.25_Smtmrs
D2_25somitomere.p9c5r5,D2.25_Smtmrs
D2_25somitomere.p9c5r6,D2.25_Smtmrs
D2_25somitomere.p9c5r7,D2.25_Smtmrs
D2_25somitomere.p9c5r8,D2.25_Smtmrs
D2_25somitomere.p9c6r1,D2.25_Smtmrs
D2_25somitomere.p9c6r3,D2.25_Smtmrs
D2_25somitomere.p9c6r5,D2.25_Smtmrs
D2_25somitomere.p9c6r6,D2.25_Smtmrs
D2_25somitomere.p9c6r7,D2.25_Smtmrs
D2_25somitomere.p9c7r1,D2.25_Smtmrs
D2_25somitomere.p9c7r3,D2.25_Smtmrs
D2_25somitomere.p9c7r5,D2.25_Smtmrs
D2_25somitomere.p9c7r6,D2.25_Smtmrs
D2_25somitomere.p9c7r7,D2.25_Smtmrs
D2_25somitomere.p9c7r8,D2.25_Smtmrs
D2_25somitomere.p9c8r1,D2.25_Smtmrs
D2_25somitomere.p9c8r2,D2.25_Smtmrs
D2_25somitomere.p9c8r3,D2.25_Smtmrs
D2_25somitomere.p9c8r5,D2.25_Smtmrs
D2_25somitomere.p9c8r6,D2.25_Smtmrs
D2_25somitomere.p9c8r7,D2.25_Smtmrs
D2_25somitomere.p9c8r8,D2.25_Smtmrs
D2_25somitomere.p9c9r1,D2.25_Smtmrs
D2_25somitomere.p9c9r2,D2.25_Smtmrs
D2_25somitomere.p9c9r3,D2.25_Smtmrs
D2_25somitomere.p9c9r4,D2.25_Smtmrs
D2_25somitomere.p9c9r5,D2.25_Smtmrs
D2_25somitomere.p9c9r6,D2.25_Smtmrs
D2_25somitomere.p9c9r7,D2.25_Smtmrs
D2_25somitomere.p9c9r8,D2.25_Smtmrs
DLL1PXM.p8c10r1,DLL1pPXM
DLL1PXM.p8c10r2,DLL1pPXM
DLL1PXM.p8c10r3,DLL1pPXM
DLL1PXM.p8c10r4,DLL1pPXM
DLL1PXM.p8c10r6,DLL1pPXM
DLL1PXM.p8c10r7,DLL1pPXM
DLL1PXM.p8c10r8,DLL1pPXM
DLL1PXM.p8c11r2,DLL1pPXM
DLL1PXM.p8c11r3,DLL1pPXM
DLL1PXM.p8c11r4,DLL1pPXM
DLL1PXM.p8c11r5,DLL1pPXM
DLL1PXM.p8c11r7,DLL1pPXM
DLL1PXM.p8c11r8,DLL1pPXM
DLL1PXM.p8c12r2,DLL1pPXM
DLL1PXM.p8c12r3,DLL1pPXM
DLL1PXM.p8c12r4,DLL1pPXM
DLL1PXM.p8c12r5,DLL1pPXM
DLL1PXM.p8c1r1,DLL1pPXM
DLL1PXM.p8c1r2,DLL1pPXM
DLL1PXM.p8c1r3,DLL1pPXM
DLL1PXM.p8c1r4,DLL1pPXM
DLL1PXM.p8c1r6,DLL1pPXM
DLL1PXM.p8c1r7,DLL1pPXM
DLL1PXM.p8c1r8,DLL1pPXM
DLL1PXM.p8c2r1,DLL1pPXM
DLL1PXM.p8c2r2,DLL1pPXM
DLL1PXM.p8c2r3,DLL1pPXM
DLL1PXM.p8c2r4,DLL1pPXM
DLL1PXM.p8c2r5,DLL1pPXM
DLL1PXM.p8c2r6,DLL1pPXM
DLL1PXM.p8c2r7,DLL1pPXM
DLL1PXM.p8c3r1,DLL1pPXM
DLL1PXM.p8c3r2,DLL1pPXM
DLL1PXM.p8c3r3,DLL1pPXM
DLL1PXM.p8c3r4,DLL1pPXM
DLL1PXM.p8c4r1,DLL1pPXM
DLL1PXM.p8c4r3,DLL1pPXM
DLL1PXM.p8c4r4,DLL1pPXM
DLL1PXM.p8c4r5,DLL1pPXM
DLL1PXM.p8c4r8,DLL1pPXM
DLL1PXM.p8c5r1,DLL1pPXM
DLL1PXM.p8c5r2,DLL1pPXM
DLL1PXM.p8c5r3,DLL1pPXM
DLL1PXM.p8c5r4,DLL1pPXM
DLL1PXM.p8c5r5,DLL1pPXM
DLL1PXM.p8c5r8,DLL1pPXM
DLL1PXM.p8c6r3,DLL1pPXM
DLL1PXM.p8c6r5,DLL1pPXM
DLL1PXM.p8c6r6,DLL1pPXM
DLL1PXM.p8c6r7,DLL1pPXM
DLL1PXM.p8c7r1,DLL1pPXM
DLL1PXM.p8c7r2,DLL1pPXM
DLL1PXM.p8c7r3,DLL1pPXM
DLL1PXM.p8c7r4,DLL1pPXM
DLL1PXM.p8c7r7,DLL1pPXM
DLL1PXM.p8c7r8,DLL1pPXM
DLL1PXM.p8c8r1,DLL1pPXM
DLL1PXM.p8c8r2,DLL1pPXM
DLL1PXM.p8c8r5,DLL1pPXM
DLL1PXM.p8c8r6,DLL1pPXM
DLL1PXM.p8c8r7,DLL1pPXM
DLL1PXM.p8c8r8,DLL1pPXM
DLL1PXM.p8c9r2,DLL1pPXM
DLL1PXM.p8c9r4,DLL1pPXM
DLL1PXM.p8c9r5,DLL1pPXM
DLL1PXM.p8c9r6,DLL1pPXM
DLL1PXM.p8c9r8,DLL1pPXM
Earlysomite.p10c10r2,ESMT
Earlysomite.p10c10r3,ESMT
Earlysomite.p10c10r5,ESMT
Earlysomite.p10c10r7,ESMT
Earlysomite.p10c11r1,ESMT
Earlysomite.p10c11r2,ESMT
Earlysomite.p10c11r3,ESMT
Earlysomite.p10c11r5,ESMT
Earlysomite.p10c11r6,ESMT
Earlysomite.p10c12r2,ESMT
Earlysomite.p10c12r4,ESMT
Earlysomite.p10c12r6,ESMT
Earlysomite.p10c2r8,ESMT
Earlysomite.p10c3r2,ESMT
Earlysomite.p10c3r3,ESMT
Earlysomite.p10c4r1,ESMT
Earlysomite.p10c4r2,ESMT
Earlysomite.p10c4r4,ESMT
Earlysomite.p10c4r5,ESMT
Earlysomite.p10c4r6,ESMT
Earlysomite.p10c4r8,ESMT
Earlysomite.p10c5r1,ESMT
Earlysomite.p10c5r5,ESMT
Earlysomite.p10c5r6,ESMT
Earlysomite.p10c5r7,ESMT
Earlysomite.p10c5r8,ESMT
Earlysomite.p10c6r1,ESMT
Earlysomite.p10c6r2,ESMT
Earlysomite.p10c6r3,ESMT
Earlysomite.p10c6r4,ESMT
Earlysomite.p10c6r5,ESMT
Earlysomite.p10c6r6,ESMT
Earlysomite.p10c6r7,ESMT
Earlysomite.p10c6r8,ESMT
Earlysomite.p10c7r1,ESMT
Earlysomite.p10c9r5,ESMT
H7hESC.p7c10r3,H7hESC
H7hESC.p7c10r5,H7hESC
H7hESC.p7c10r8,H7hESC
H7hESC.p7c11r4,H7hESC
H7hESC.p7c11r6,H7hESC
H7hESC.p7c11r7,H7hESC
H7hESC.p7c12r7,H7hESC
H7hESC.p7c1r4,H7hESC
H7hESC.p7c1r5,H7hESC
H7hESC.p7c1r6,H7hESC
H7hESC.p7c1r7,H7hESC
H7hESC.p7c1r8,H7hESC
H7hESC.p7c2r3,H7hESC
H7hESC.p7c2r4,H7hESC
H7hESC.p7c2r5,H7hESC
H7hESC.p7c2r6,H7hESC
H7hESC.p7c2r7,H7hESC
H7hESC.p7c2r8,H7hESC
H7hESC.p7c3r3,H7hESC
H7hESC.p7c3r4,H7hESC
H7hESC.p7c3r5,H7hESC
H7hESC.p7c3r6,H7hESC
H7hESC.p7c3r7,H7hESC
H7hESC.p7c4r3,H7hESC
H7hESC.p7c4r7,H7hESC
H7hESC.p7c4r8,H7hESC
H7hESC.p7c5r3,H7hESC
H7hESC.p7c5r4,H7hESC
H7hESC.p7c5r5,H7hESC
H7hESC.p7c5r8,H7hESC
H7hESC.p7c6r3,H7hESC
H7hESC.p7c6r4,H7hESC
H7hESC.p7c6r5,H7hESC
H7hESC.p7c6r6,H7hESC
H7hESC.p7c6r7,H7hESC
H7hESC.p7c6r8,H7hESC
H7hESC.p7c7r3,H7hESC
H7hESC.p7c7r5,H7hESC
H7hESC.p7c7r6,H7hESC
H7hESC.p7c7r7,H7hESC
H7hESC.p7c7r8,H7hESC
H7hESC.p7c8r3,H7hESC
H7hESC.p7c8r5,H7hESC
H7hESC.p7c8r6,H7hESC
H7hESC.p7c8r7,H7hESC
H7hESC.p7c8r8,H7hESC
H7hESC.p7c9r3,H7hESC
H7hESC.p7c9r5,H7hESC
H7hESC.p7c9r6,H7hESC
H7hESC.p7c9r7,H7hESC
H7hESC.p7c9r8,H7hESC
LatM.p3c10r1,D2LtM
LatM.p3c10r3,D2LtM
LatM.p3c10r6,D2LtM
LatM.p3c11r1,D2LtM
LatM.p3c11r3,D2LtM
LatM.p3c11r4,D2LtM
LatM.p3c11r5,D2LtM
LatM.p3c11r8,D2LtM
LatM.p3c12r2,D2LtM
LatM.p3c12r4,D2LtM
LatM.p3c12r5,D2LtM
LatM.p3c12r7,D2LtM
LatM.p3c1r1,D2LtM
LatM.p3c1r4,D2LtM
LatM.p3c1r6,D2LtM
LatM.p3c1r7,D2LtM
LatM.p3c2r1,D2LtM
LatM.p3c2r2,D2LtM
LatM.p3c2r3,D2LtM
LatM.p3c2r5,D2LtM
LatM.p3c2r6,D2LtM
LatM.p3c2r7,D2LtM
LatM.p3c3r2,D2LtM
LatM.p3c3r8,D2LtM
LatM.p3c4r1,D2LtM
LatM.p3c4r2,D2LtM
LatM.p3c4r4,D2LtM
LatM.p3c4r5,D2LtM
LatM.p3c4r6,D2LtM
LatM.p3c4r7,D2LtM
LatM.p3c4r8,D2LtM
LatM.p3c5r1,D2LtM
LatM.p3c5r2,D2LtM
LatM.p3c5r4,D2LtM
LatM.p3c5r6,D2LtM
LatM.p3c5r8,D2LtM
LatM.p3c6r1,D2LtM
LatM.p3c6r4,D2LtM
LatM.p3c6r7,D2LtM
LatM.p3c6r8,D2LtM
LatM.p3c7r1,D2LtM
LatM.p3c7r2,D2LtM
LatM.p3c7r3,D2LtM
LatM.p3c7r5,D2LtM
LatM.p3c7r6,D2LtM
LatM.p3c8r2,D2LtM
LatM.p3c8r3,D2LtM
LatM.p3c8r7,D2LtM
LatM.p3c8r8,D2LtM
LatM.p3c9r1,D2LtM
LatM.p3c9r2,D2LtM
LatM.p3c9r3,D2LtM
LatM.p3c9r4,D2LtM
LatM.p3c9r5,D2LtM
LatM.p3c9r7,D2LtM
MPS3.p5c12r1,MPS
MPS3.p5c12r4,MPS
MPS3.p5c1r1,MPS
MPS3.p5c1r3,MPS
MPS3.p5c1r4,MPS
MPS3.p5c2r1,MPS
MPS3.p5c2r2,MPS
MPS3.p5c2r3,MPS
MPS3.p5c2r4,MPS
MPS3.p5c2r5,MPS
MPS3.p5c3r1,MPS
MPS3.p5c4r2,MPS
MPS3.p5c5r1,MPS
MPS3.p5c5r2,MPS
MPS3.p5c5r3,MPS
MPS3.p5c6r1,MPS
MPS3.p5c7r1,MPS
MPS3.p5c7r2,MPS
MPS3.p5c7r4,MPS
MPS3.p5c8r1,MPS
MPS3.p5c8r4,MPS
MPS3.p5c9r4,MPS
Sclerotome.p2c10r1,Sclrtm
Sclerotome.p2c10r2,Sclrtm
Sclerotome.p2c10r3,Sclrtm
Sclerotome.p2c10r4,Sclrtm
Sclerotome.p2c10r5,Sclrtm
Sclerotome.p2c10r6,Sclrtm
Sclerotome.p2c10r7,Sclrtm
Sclerotome.p2c10r8,Sclrtm
Sclerotome.p2c11r1,Sclrtm
Sclerotome.p2c11r3,Sclrtm
Sclerotome.p2c11r4,Sclrtm
Sclerotome.p2c11r6,Sclrtm
Sclerotome.p2c11r7,Sclrtm
Sclerotome.p2c12r3,Sclrtm
Sclerotome.p2c12r5,Sclrtm
Sclerotome.p2c1r1,Sclrtm
Sclerotome.p2c1r2,Sclrtm
Sclerotome.p2c1r4,Sclrtm
Sclerotome.p2c1r5,Sclrtm
Sclerotome.p2c1r6,Sclrtm
Sclerotome.p2c1r7,Sclrtm
Sclerotome.p2c2r2,Sclrtm
Sclerotome.p2c2r6,Sclrtm
Sclerotome.p2c3r1,Sclrtm
Sclerotome.p2c3r2,Sclrtm
Sclerotome.p2c3r3,Sclrtm
Sclerotome.p2c3r4,Sclrtm
Sclerotome.p2c3r6,Sclrtm
Sclerotome.p2c3r7,Sclrtm
Sclerotome.p2c3r8,Sclrtm
Sclerotome.p2c4r1,Sclrtm
Sclerotome.p2c4r3,Sclrtm
Sclerotome.p2c4r4,Sclrtm
Sclerotome.p2c4r5,Sclrtm
Sclerotome.p2c4r6,Sclrtm
Sclerotome.p2c4r7,Sclrtm
Sclerotome.p2c4r8,Sclrtm
Sclerotome.p2c5r1,Sclrtm
Sclerotome.p2c5r3,Sclrtm
Sclerotome.p2c5r4,Sclrtm
Sclerotome.p2c5r6,Sclrtm
Sclerotome.p2c5r7,Sclrtm
Sclerotome.p2c6r3,Sclrtm
Sclerotome.p2c6r5,Sclrtm
Sclerotome.p2c6r6,Sclrtm
Sclerotome.p2c6r7,Sclrtm
Sclerotome.p2c6r8,Sclrtm
Sclerotome.p2c7r1,Sclrtm
Sclerotome.p2c7r2,Sclrtm
Sclerotome.p2c7r3,Sclrtm
Sclerotome.p2c7r5,Sclrtm
Sclerotome.p2c7r6,Sclrtm
Sclerotome.p2c8r2,Sclrtm
Sclerotome.p2c8r3,Sclrtm
Sclerotome.p2c8r4,Sclrtm
Sclerotome.p2c8r5,Sclrtm
Sclerotome.p2c8r6,Sclrtm
Sclerotome.p2c8r7,Sclrtm
Sclerotome.p2c8r8,Sclrtm
Sclerotome.p2c9r1,Sclrtm
Sclerotome.p2c9r2,Sclrtm
Sclerotome.p2c9r3,Sclrtm
Sclerotome.p2c9r4,Sclrtm
Sclerotome.p2c9r5,Sclrtm
Sclerotome.p2c9r6,Sclrtm
