,Cell,assigned_cluster
0,human1_lib1.final_cell_0001,acinar
1,human1_lib1.final_cell_0002,acinar
2,human1_lib1.final_cell_0003,acinar
3,human1_lib1.final_cell_0004,acinar
4,human1_lib1.final_cell_0005,acinar
5,human1_lib1.final_cell_0006,acinar
6,human1_lib1.final_cell_0007,beta
7,human1_lib1.final_cell_0008,acinar
8,human1_lib1.final_cell_0009,acinar
9,human1_lib1.final_cell_0010,acinar
10,human1_lib1.final_cell_0011,acinar
11,human1_lib1.final_cell_0012,acinar
12,human1_lib1.final_cell_0013,delta
13,human1_lib1.final_cell_0014,delta
14,human1_lib1.final_cell_0015,beta
15,human1_lib1.final_cell_0016,activated_stellate
16,human1_lib1.final_cell_0017,beta
17,human1_lib1.final_cell_0018,acinar
18,human1_lib1.final_cell_0019,ductal
19,human1_lib1.final_cell_0020,beta
20,human1_lib1.final_cell_0021,beta
21,human1_lib1.final_cell_0022,alpha
22,human1_lib1.final_cell_0023,ductal
23,human1_lib1.final_cell_0024,beta
24,human1_lib1.final_cell_0025,delta
25,human1_lib1.final_cell_0026,alpha
26,human1_lib1.final_cell_0027,beta
27,human1_lib1.final_cell_0028,acinar
28,human1_lib1.final_cell_0029,acinar
29,human1_lib1.final_cell_0030,beta
30,human1_lib1.final_cell_0031,delta
31,human1_lib1.final_cell_0032,delta
32,human1_lib1.final_cell_0033,delta
33,human1_lib1.final_cell_0034,delta
34,human1_lib1.final_cell_0035,beta
35,human1_lib1.final_cell_0036,acinar
36,human1_lib1.final_cell_0037,beta
37,human1_lib1.final_cell_0038,beta
38,human1_lib1.final_cell_0039,beta
39,human1_lib1.final_cell_0040,delta
40,human1_lib1.final_cell_0041,activated_stellate
41,human1_lib1.final_cell_0042,beta
42,human1_lib1.final_cell_0043,delta
43,human1_lib1.final_cell_0044,activated_stellate
44,human1_lib1.final_cell_0045,activated_stellate
45,human1_lib1.final_cell_0046,activated_stellate
46,human1_lib1.final_cell_0047,acinar
47,human1_lib1.final_cell_0048,activated_stellate
48,human1_lib1.final_cell_0049,delta
49,human1_lib1.final_cell_0050,beta
50,human1_lib1.final_cell_0051,delta
51,human1_lib1.final_cell_0052,beta
52,human1_lib1.final_cell_0053,acinar
53,human1_lib1.final_cell_0054,beta
54,human1_lib1.final_cell_0055,beta
55,human1_lib1.final_cell_0056,activated_stellate
56,human1_lib1.final_cell_0057,beta
57,human1_lib1.final_cell_0058,beta
58,human1_lib1.final_cell_0059,beta
59,human1_lib1.final_cell_0060,beta
60,human1_lib1.final_cell_0061,ductal
61,human1_lib1.final_cell_0062,alpha
62,human1_lib1.final_cell_0063,beta
63,human1_lib1.final_cell_0064,ductal
64,human1_lib1.final_cell_0065,ductal
65,human1_lib1.final_cell_0066,acinar
66,human1_lib1.final_cell_0067,alpha
67,human1_lib1.final_cell_0068,beta
68,human1_lib1.final_cell_0069,delta
69,human1_lib1.final_cell_0070,alpha
70,human1_lib1.final_cell_0071,beta
71,human1_lib1.final_cell_0072,beta
72,human1_lib1.final_cell_0073,beta
73,human1_lib1.final_cell_0074,delta
74,human1_lib1.final_cell_0075,beta
75,human1_lib1.final_cell_0076,beta
76,human1_lib1.final_cell_0077,delta
77,human1_lib1.final_cell_0078,beta
78,human1_lib1.final_cell_0079,beta
79,human1_lib1.final_cell_0080,beta
80,human1_lib1.final_cell_0081,beta
81,human1_lib1.final_cell_0082,beta
82,human1_lib1.final_cell_0083,beta
83,human1_lib1.final_cell_0084,acinar
84,human1_lib1.final_cell_0085,activated_stellate
85,human1_lib1.final_cell_0086,delta
86,human1_lib1.final_cell_0087,delta
87,human1_lib1.final_cell_0088,beta
88,human1_lib1.final_cell_0089,beta
89,human1_lib1.final_cell_0090,beta
90,human1_lib1.final_cell_0091,beta
91,human1_lib1.final_cell_0092,beta
92,human1_lib1.final_cell_0093,beta
93,human1_lib1.final_cell_0094,beta
94,human1_lib1.final_cell_0095,beta
95,human1_lib1.final_cell_0096,beta
96,human1_lib1.final_cell_0097,beta
97,human1_lib1.final_cell_0098,delta
98,human1_lib1.final_cell_0099,delta
99,human1_lib1.final_cell_0100,beta
100,human1_lib1.final_cell_0101,delta
101,human1_lib1.final_cell_0102,alpha
102,human1_lib1.final_cell_0103,alpha
103,human1_lib1.final_cell_0104,delta
104,human1_lib1.final_cell_0105,beta
105,human1_lib1.final_cell_0106,beta
106,human1_lib1.final_cell_0107,beta
107,human1_lib1.final_cell_0108,beta
108,human1_lib1.final_cell_0109,acinar
109,human1_lib1.final_cell_0110,delta
110,human1_lib1.final_cell_0111,beta
111,human1_lib1.final_cell_0112,beta
112,human1_lib1.final_cell_0113,delta
113,human1_lib1.final_cell_0114,beta
114,human1_lib1.final_cell_0115,beta
115,human1_lib1.final_cell_0116,beta
116,human1_lib1.final_cell_0117,delta
117,human1_lib1.final_cell_0118,beta
118,human1_lib1.final_cell_0119,delta
119,human1_lib1.final_cell_0120,beta
120,human1_lib1.final_cell_0121,beta
121,human1_lib1.final_cell_0122,beta
122,human1_lib1.final_cell_0123,epsilon
123,human1_lib1.final_cell_0124,beta
124,human1_lib1.final_cell_0125,beta
125,human1_lib1.final_cell_0126,beta
126,human1_lib1.final_cell_0127,delta
127,human1_lib1.final_cell_0128,beta
128,human1_lib1.final_cell_0129,delta
129,human1_lib1.final_cell_0130,beta
130,human1_lib1.final_cell_0131,alpha
131,human1_lib1.final_cell_0132,alpha
132,human1_lib1.final_cell_0133,beta
133,human1_lib1.final_cell_0134,acinar
134,human1_lib1.final_cell_0135,alpha
135,human1_lib1.final_cell_0136,beta
136,human1_lib1.final_cell_0137,beta
137,human1_lib1.final_cell_0138,alpha
138,human1_lib1.final_cell_0139,beta
139,human1_lib1.final_cell_0140,delta
140,human1_lib1.final_cell_0141,beta
141,human1_lib1.final_cell_0142,beta
142,human1_lib1.final_cell_0143,beta
143,human1_lib1.final_cell_0144,beta
144,human1_lib1.final_cell_0145,beta
145,human1_lib1.final_cell_0146,delta
146,human1_lib1.final_cell_0147,beta
147,human1_lib1.final_cell_0148,ductal
148,human1_lib1.final_cell_0149,ductal
149,human1_lib1.final_cell_0150,beta
150,human1_lib1.final_cell_0151,beta
151,human1_lib1.final_cell_0152,beta
152,human1_lib1.final_cell_0153,beta
153,human1_lib1.final_cell_0154,delta
154,human1_lib1.final_cell_0155,beta
155,human1_lib1.final_cell_0156,activated_stellate
156,human1_lib1.final_cell_0157,beta
157,human1_lib1.final_cell_0158,beta
158,human1_lib1.final_cell_0159,alpha
159,human1_lib1.final_cell_0160,beta
160,human1_lib1.final_cell_0161,alpha
161,human1_lib1.final_cell_0162,beta
162,human1_lib1.final_cell_0163,gamma
163,human1_lib1.final_cell_0164,beta
164,human1_lib1.final_cell_0165,beta
165,human1_lib1.final_cell_0166,beta
166,human1_lib1.final_cell_0167,beta
167,human1_lib1.final_cell_0168,beta
168,human1_lib1.final_cell_0169,beta
169,human1_lib1.final_cell_0170,beta
170,human1_lib1.final_cell_0171,acinar
171,human1_lib1.final_cell_0172,beta
172,human1_lib1.final_cell_0173,acinar
173,human1_lib1.final_cell_0174,beta
174,human1_lib1.final_cell_0175,beta
175,human1_lib1.final_cell_0176,beta
176,human1_lib1.final_cell_0177,acinar
177,human1_lib1.final_cell_0178,delta
178,human1_lib1.final_cell_0179,beta
179,human1_lib1.final_cell_0180,delta
180,human1_lib1.final_cell_0181,beta
181,human1_lib1.final_cell_0182,acinar
182,human1_lib1.final_cell_0183,alpha
183,human1_lib1.final_cell_0184,beta
184,human1_lib1.final_cell_0185,alpha
185,human1_lib1.final_cell_0186,beta
186,human1_lib1.final_cell_0187,alpha
187,human1_lib1.final_cell_0188,endothelial
188,human1_lib1.final_cell_0189,beta
189,human1_lib1.final_cell_0190,beta
190,human1_lib1.final_cell_0191,alpha
191,human1_lib1.final_cell_0192,delta
192,human1_lib1.final_cell_0193,beta
193,human1_lib1.final_cell_0194,beta
194,human1_lib1.final_cell_0195,delta
195,human1_lib1.final_cell_0196,beta
196,human1_lib1.final_cell_0197,gamma
197,human1_lib1.final_cell_0198,alpha
198,human1_lib1.final_cell_0199,beta
199,human1_lib1.final_cell_0200,beta
200,human1_lib1.final_cell_0201,delta
201,human1_lib1.final_cell_0202,alpha
202,human1_lib1.final_cell_0203,ductal
203,human1_lib1.final_cell_0204,beta
204,human1_lib1.final_cell_0205,alpha
205,human1_lib1.final_cell_0206,beta
206,human1_lib1.final_cell_0207,ductal
207,human1_lib1.final_cell_0208,alpha
208,human1_lib1.final_cell_0209,ductal
209,human1_lib1.final_cell_0210,beta
210,human1_lib1.final_cell_0211,beta
211,human1_lib1.final_cell_0212,alpha
212,human1_lib1.final_cell_0213,beta
213,human1_lib1.final_cell_0214,beta
214,human1_lib1.final_cell_0215,quiescent_stellate
215,human1_lib1.final_cell_0216,ductal
216,human1_lib1.final_cell_0217,ductal
217,human1_lib1.final_cell_0218,endothelial
218,human1_lib1.final_cell_0219,activated_stellate
219,human1_lib1.final_cell_0220,beta
220,human1_lib1.final_cell_0221,delta
221,human1_lib1.final_cell_0222,gamma
222,human1_lib1.final_cell_0223,beta
223,human1_lib1.final_cell_0224,beta
224,human1_lib1.final_cell_0225,beta
225,human1_lib1.final_cell_0226,alpha
226,human1_lib1.final_cell_0227,beta
227,human1_lib1.final_cell_0228,beta
228,human1_lib1.final_cell_0229,delta
229,human1_lib1.final_cell_0230,ductal
230,human1_lib1.final_cell_0231,beta
231,human1_lib1.final_cell_0232,delta
232,human1_lib1.final_cell_0233,delta
233,human1_lib1.final_cell_0234,beta
234,human1_lib1.final_cell_0235,delta
235,human1_lib1.final_cell_0236,beta
236,human1_lib1.final_cell_0237,activated_stellate
237,human1_lib1.final_cell_0238,beta
238,human1_lib1.final_cell_0239,beta
239,human1_lib1.final_cell_0240,delta
240,human1_lib1.final_cell_0241,beta
241,human1_lib1.final_cell_0242,quiescent_stellate
242,human1_lib1.final_cell_0243,beta
243,human1_lib1.final_cell_0244,acinar
244,human1_lib1.final_cell_0245,alpha
245,human1_lib1.final_cell_0246,delta
246,human1_lib1.final_cell_0247,beta
247,human1_lib1.final_cell_0248,alpha
248,human1_lib1.final_cell_0249,beta
249,human1_lib1.final_cell_0250,endothelial
250,human1_lib1.final_cell_0251,delta
251,human1_lib1.final_cell_0252,delta
252,human1_lib1.final_cell_0253,beta
253,human1_lib1.final_cell_0254,beta
254,human1_lib1.final_cell_0255,delta
255,human1_lib1.final_cell_0256,gamma
256,human1_lib1.final_cell_0257,alpha
257,human1_lib1.final_cell_0258,beta
258,human1_lib1.final_cell_0259,beta
259,human1_lib1.final_cell_0260,beta
260,human1_lib1.final_cell_0261,ductal
261,human1_lib1.final_cell_0262,delta
262,human1_lib1.final_cell_0263,alpha
263,human1_lib1.final_cell_0264,beta
264,human1_lib1.final_cell_0265,gamma
265,human1_lib1.final_cell_0266,beta
266,human1_lib1.final_cell_0267,beta
267,human1_lib1.final_cell_0268,beta
268,human1_lib1.final_cell_0269,quiescent_stellate
269,human1_lib1.final_cell_0270,alpha
270,human1_lib1.final_cell_0271,delta
271,human1_lib1.final_cell_0272,alpha
272,human1_lib1.final_cell_0273,endothelial
273,human1_lib1.final_cell_0274,alpha
274,human1_lib1.final_cell_0275,delta
275,human1_lib1.final_cell_0276,beta
276,human1_lib1.final_cell_0277,gamma
277,human1_lib1.final_cell_0278,ductal
278,human1_lib1.final_cell_0279,alpha
279,human1_lib1.final_cell_0280,alpha
280,human1_lib1.final_cell_0281,delta
281,human1_lib1.final_cell_0282,beta
282,human1_lib1.final_cell_0283,beta
283,human1_lib1.final_cell_0284,ductal
284,human1_lib1.final_cell_0285,alpha
285,human1_lib1.final_cell_0286,beta
286,human1_lib1.final_cell_0287,delta
287,human1_lib1.final_cell_0288,macrophage
288,human1_lib1.final_cell_0289,endothelial
289,human1_lib1.final_cell_0290,beta
290,human1_lib1.final_cell_0291,beta
291,human1_lib1.final_cell_0292,beta
292,human1_lib1.final_cell_0293,beta
293,human1_lib1.final_cell_0294,beta
294,human1_lib1.final_cell_0295,beta
295,human1_lib1.final_cell_0296,beta
296,human1_lib1.final_cell_0297,beta
297,human1_lib1.final_cell_0298,beta
298,human1_lib1.final_cell_0299,beta
299,human1_lib1.final_cell_0300,beta
300,human1_lib1.final_cell_0301,gamma
301,human1_lib1.final_cell_0302,endothelial
302,human1_lib1.final_cell_0303,beta
303,human1_lib1.final_cell_0304,beta
304,human1_lib1.final_cell_0305,beta
305,human1_lib1.final_cell_0306,delta
306,human1_lib1.final_cell_0307,beta
307,human1_lib1.final_cell_0308,gamma
308,human1_lib1.final_cell_0309,epsilon
309,human1_lib1.final_cell_0310,delta
310,human1_lib1.final_cell_0311,beta
311,human1_lib1.final_cell_0312,beta
312,human1_lib1.final_cell_0313,gamma
313,human1_lib1.final_cell_0314,beta
314,human1_lib1.final_cell_0315,beta
315,human1_lib1.final_cell_0316,beta
316,human1_lib1.final_cell_0317,beta
317,human1_lib1.final_cell_0318,beta
318,human1_lib1.final_cell_0319,endothelial
319,human1_lib1.final_cell_0320,beta
320,human1_lib1.final_cell_0321,delta
321,human1_lib1.final_cell_0322,alpha
322,human1_lib1.final_cell_0323,epsilon
323,human1_lib1.final_cell_0324,alpha
324,human1_lib1.final_cell_0325,quiescent_stellate
325,human1_lib1.final_cell_0326,alpha
326,human1_lib1.final_cell_0327,alpha
327,human1_lib1.final_cell_0328,beta
328,human1_lib1.final_cell_0329,beta
329,human1_lib1.final_cell_0330,ductal
330,human1_lib1.final_cell_0331,beta
331,human1_lib1.final_cell_0332,alpha
332,human1_lib1.final_cell_0333,beta
333,human1_lib1.final_cell_0334,alpha
334,human1_lib1.final_cell_0335,beta
335,human1_lib1.final_cell_0336,beta
336,human1_lib1.final_cell_0337,delta
337,human1_lib1.final_cell_0338,delta
338,human1_lib1.final_cell_0339,beta
339,human1_lib1.final_cell_0340,beta
340,human1_lib1.final_cell_0341,beta
341,human1_lib1.final_cell_0342,ductal
342,human1_lib1.final_cell_0343,acinar
343,human1_lib1.final_cell_0344,beta
344,human1_lib1.final_cell_0345,alpha
345,human1_lib1.final_cell_0346,beta
346,human1_lib1.final_cell_0347,beta
347,human1_lib1.final_cell_0348,alpha
348,human1_lib1.final_cell_0349,beta
349,human1_lib1.final_cell_0350,quiescent_stellate
350,human1_lib1.final_cell_0351,beta
351,human1_lib1.final_cell_0352,gamma
352,human1_lib1.final_cell_0353,beta
353,human1_lib1.final_cell_0354,gamma
354,human1_lib1.final_cell_0355,endothelial
355,human1_lib1.final_cell_0356,beta
356,human1_lib1.final_cell_0357,alpha
357,human1_lib1.final_cell_0358,schwann
358,human1_lib1.final_cell_0359,beta
359,human1_lib1.final_cell_0360,quiescent_stellate
360,human1_lib1.final_cell_0361,endothelial
361,human1_lib1.final_cell_0362,gamma
362,human1_lib1.final_cell_0363,beta
363,human1_lib1.final_cell_0364,beta
364,human1_lib1.final_cell_0365,alpha
365,human1_lib1.final_cell_0366,alpha
366,human1_lib1.final_cell_0367,gamma
367,human1_lib1.final_cell_0368,beta
368,human1_lib1.final_cell_0369,beta
369,human1_lib1.final_cell_0370,delta
370,human1_lib1.final_cell_0371,acinar
371,human1_lib1.final_cell_0372,acinar
372,human1_lib1.final_cell_0373,gamma
373,human1_lib1.final_cell_0374,ductal
374,human1_lib1.final_cell_0375,ductal
375,human1_lib1.final_cell_0376,endothelial
376,human1_lib1.final_cell_0377,delta
377,human1_lib1.final_cell_0378,beta
378,human1_lib1.final_cell_0379,beta
379,human1_lib1.final_cell_0380,endothelial
380,human1_lib1.final_cell_0381,alpha
381,human1_lib1.final_cell_0382,acinar
382,human1_lib1.final_cell_0383,endothelial
383,human1_lib1.final_cell_0384,endothelial
384,human1_lib1.final_cell_0385,alpha
385,human1_lib1.final_cell_0386,beta
386,human1_lib1.final_cell_0387,beta
387,human1_lib1.final_cell_0388,gamma
388,human1_lib1.final_cell_0389,beta
389,human1_lib1.final_cell_0390,alpha
390,human1_lib1.final_cell_0391,beta
391,human1_lib1.final_cell_0392,beta
392,human1_lib1.final_cell_0393,beta
393,human1_lib1.final_cell_0394,beta
394,human1_lib1.final_cell_0395,beta
395,human1_lib1.final_cell_0396,delta
396,human1_lib1.final_cell_0397,beta
397,human1_lib1.final_cell_0398,quiescent_stellate
398,human1_lib1.final_cell_0399,activated_stellate
399,human1_lib1.final_cell_0400,beta
400,human1_lib1.final_cell_0401,alpha
401,human1_lib1.final_cell_0402,beta
402,human1_lib1.final_cell_0403,gamma
403,human1_lib1.final_cell_0404,quiescent_stellate
404,human1_lib1.final_cell_0405,beta
405,human1_lib1.final_cell_0406,alpha
406,human1_lib1.final_cell_0407,quiescent_stellate
407,human1_lib1.final_cell_0408,endothelial
408,human1_lib1.final_cell_0409,beta
409,human1_lib1.final_cell_0410,ductal
410,human1_lib1.final_cell_0411,endothelial
411,human1_lib1.final_cell_0412,ductal
412,human1_lib1.final_cell_0413,acinar
413,human1_lib1.final_cell_0414,alpha
414,human1_lib1.final_cell_0415,delta
415,human1_lib1.final_cell_0416,beta
416,human1_lib1.final_cell_0417,macrophage
417,human1_lib1.final_cell_0418,ductal
418,human1_lib1.final_cell_0419,endothelial
419,human1_lib1.final_cell_0420,endothelial
420,human1_lib1.final_cell_0421,gamma
421,human1_lib1.final_cell_0422,endothelial
422,human1_lib1.final_cell_0423,endothelial
423,human1_lib1.final_cell_0424,beta
424,human1_lib1.final_cell_0425,beta
425,human1_lib1.final_cell_0426,gamma
426,human1_lib1.final_cell_0427,beta
427,human1_lib1.final_cell_0428,mast
428,human1_lib1.final_cell_0429,beta
429,human1_lib1.final_cell_0430,endothelial
430,human1_lib1.final_cell_0431,gamma
431,human1_lib1.final_cell_0432,quiescent_stellate
432,human1_lib1.final_cell_0433,alpha
433,human1_lib1.final_cell_0434,beta
434,human1_lib1.final_cell_0435,alpha
435,human1_lib1.final_cell_0436,acinar
436,human1_lib1.final_cell_0437,ductal
437,human1_lib1.final_cell_0438,beta
438,human1_lib1.final_cell_0439,beta
439,human1_lib1.final_cell_0440,ductal
440,human1_lib1.final_cell_0441,beta
441,human1_lib1.final_cell_0442,beta
442,human1_lib1.final_cell_0443,ductal
443,human1_lib1.final_cell_0444,acinar
444,human1_lib1.final_cell_0445,endothelial
445,human1_lib1.final_cell_0446,beta
446,human1_lib1.final_cell_0447,beta
447,human1_lib1.final_cell_0448,beta
448,human1_lib1.final_cell_0449,ductal
449,human1_lib1.final_cell_0450,activated_stellate
450,human1_lib1.final_cell_0451,beta
451,human1_lib1.final_cell_0452,quiescent_stellate
452,human1_lib1.final_cell_0453,acinar
453,human1_lib1.final_cell_0454,gamma
454,human1_lib1.final_cell_0455,quiescent_stellate
455,human1_lib1.final_cell_0456,endothelial
456,human1_lib1.final_cell_0457,endothelial
457,human1_lib1.final_cell_0458,alpha
458,human1_lib1.final_cell_0459,quiescent_stellate
459,human1_lib1.final_cell_0460,beta
460,human1_lib1.final_cell_0461,acinar
461,human1_lib1.final_cell_0462,beta
462,human1_lib1.final_cell_0463,endothelial
463,human1_lib1.final_cell_0464,endothelial
464,human1_lib1.final_cell_0465,beta
465,human1_lib1.final_cell_0466,acinar
466,human1_lib1.final_cell_0467,delta
467,human1_lib1.final_cell_0468,beta
468,human1_lib1.final_cell_0469,beta
469,human1_lib1.final_cell_0470,beta
470,human1_lib1.final_cell_0471,beta
471,human1_lib1.final_cell_0472,beta
472,human1_lib1.final_cell_0473,beta
473,human1_lib1.final_cell_0474,beta
474,human1_lib1.final_cell_0475,beta
475,human1_lib1.final_cell_0476,gamma
476,human1_lib1.final_cell_0477,ductal
477,human1_lib1.final_cell_0478,beta
478,human1_lib1.final_cell_0479,gamma
479,human1_lib1.final_cell_0480,beta
480,human1_lib1.final_cell_0481,delta
481,human1_lib1.final_cell_0482,beta
482,human1_lib1.final_cell_0483,beta
483,human1_lib1.final_cell_0484,gamma
484,human1_lib1.final_cell_0485,quiescent_stellate
485,human1_lib1.final_cell_0486,delta
486,human1_lib1.final_cell_0487,beta
487,human1_lib1.final_cell_0488,delta
488,human1_lib1.final_cell_0489,quiescent_stellate
489,human1_lib1.final_cell_0490,delta
490,human1_lib1.final_cell_0491,beta
491,human1_lib1.final_cell_0492,alpha
492,human1_lib1.final_cell_0493,delta
493,human1_lib1.final_cell_0494,alpha
494,human1_lib1.final_cell_0495,quiescent_stellate
495,human1_lib1.final_cell_0496,quiescent_stellate
496,human1_lib1.final_cell_0497,beta
497,human1_lib1.final_cell_0498,endothelial
498,human1_lib1.final_cell_0499,endothelial
499,human1_lib1.final_cell_0500,activated_stellate
500,human1_lib1.final_cell_0501,beta
501,human1_lib1.final_cell_0502,alpha
502,human1_lib1.final_cell_0503,delta
503,human1_lib1.final_cell_0504,beta
504,human1_lib1.final_cell_0505,endothelial
505,human1_lib1.final_cell_0506,alpha
506,human1_lib1.final_cell_0507,quiescent_stellate
507,human1_lib1.final_cell_0508,beta
508,human1_lib1.final_cell_0509,endothelial
509,human1_lib1.final_cell_0510,activated_stellate
510,human1_lib1.final_cell_0511,gamma
511,human1_lib1.final_cell_0512,beta
512,human1_lib1.final_cell_0513,quiescent_stellate
513,human1_lib1.final_cell_0514,beta
514,human1_lib1.final_cell_0515,endothelial
515,human1_lib1.final_cell_0516,gamma
516,human1_lib1.final_cell_0517,beta
517,human1_lib1.final_cell_0518,beta
518,human1_lib1.final_cell_0519,alpha
519,human1_lib1.final_cell_0520,endothelial
520,human1_lib1.final_cell_0521,gamma
521,human1_lib1.final_cell_0522,beta
522,human1_lib1.final_cell_0523,beta
523,human1_lib1.final_cell_0524,beta
524,human1_lib1.final_cell_0525,beta
525,human1_lib1.final_cell_0526,endothelial
526,human1_lib1.final_cell_0527,mast
527,human1_lib1.final_cell_0528,beta
528,human1_lib1.final_cell_0529,beta
529,human1_lib1.final_cell_0530,endothelial
530,human1_lib1.final_cell_0531,beta
531,human1_lib1.final_cell_0532,endothelial
532,human1_lib1.final_cell_0533,beta
533,human1_lib1.final_cell_0534,endothelial
534,human1_lib1.final_cell_0535,beta
535,human1_lib1.final_cell_0536,quiescent_stellate
536,human1_lib1.final_cell_0537,endothelial
537,human1_lib1.final_cell_0538,endothelial
538,human1_lib1.final_cell_0539,beta
539,human1_lib1.final_cell_0540,endothelial
540,human1_lib1.final_cell_0541,quiescent_stellate
541,human1_lib1.final_cell_0542,beta
542,human1_lib1.final_cell_0543,alpha
543,human1_lib1.final_cell_0544,ductal
544,human1_lib1.final_cell_0545,endothelial
545,human1_lib1.final_cell_0546,beta
546,human1_lib1.final_cell_0547,beta
547,human1_lib1.final_cell_0548,endothelial
548,human1_lib1.final_cell_0549,beta
549,human1_lib1.final_cell_0550,beta
550,human1_lib1.final_cell_0551,beta
551,human1_lib1.final_cell_0552,endothelial
552,human1_lib1.final_cell_0553,macrophage
553,human1_lib1.final_cell_0554,endothelial
554,human1_lib1.final_cell_0555,ductal
555,human1_lib1.final_cell_0556,beta
556,human1_lib1.final_cell_0557,ductal
557,human1_lib1.final_cell_0558,endothelial
558,human1_lib1.final_cell_0559,quiescent_stellate
559,human1_lib1.final_cell_0560,beta
560,human1_lib1.final_cell_0561,endothelial
561,human1_lib1.final_cell_0562,endothelial
562,human1_lib1.final_cell_0563,beta
563,human1_lib1.final_cell_0564,endothelial
564,human1_lib1.final_cell_0565,endothelial
565,human1_lib1.final_cell_0566,alpha
566,human1_lib1.final_cell_0567,ductal
567,human1_lib1.final_cell_0568,beta
568,human1_lib2.final_cell_0001,delta
569,human1_lib2.final_cell_0002,delta
570,human1_lib2.final_cell_0003,delta
571,human1_lib2.final_cell_0004,acinar
572,human1_lib2.final_cell_0005,acinar
573,human1_lib2.final_cell_0006,acinar
574,human1_lib2.final_cell_0007,acinar
575,human1_lib2.final_cell_0008,delta
576,human1_lib2.final_cell_0009,acinar
577,human1_lib2.final_cell_0010,ductal
578,human1_lib2.final_cell_0011,alpha
579,human1_lib2.final_cell_0012,delta
580,human1_lib2.final_cell_0013,delta
581,human1_lib2.final_cell_0014,delta
582,human1_lib2.final_cell_0015,delta
583,human1_lib2.final_cell_0016,acinar
584,human1_lib2.final_cell_0017,beta
585,human1_lib2.final_cell_0018,acinar
586,human1_lib2.final_cell_0019,endothelial
587,human1_lib2.final_cell_0020,delta
588,human1_lib2.final_cell_0021,beta
589,human1_lib2.final_cell_0022,delta
590,human1_lib2.final_cell_0023,alpha
591,human1_lib2.final_cell_0024,ductal
592,human1_lib2.final_cell_0025,delta
593,human1_lib2.final_cell_0026,delta
594,human1_lib2.final_cell_0027,beta
595,human1_lib2.final_cell_0028,delta
596,human1_lib2.final_cell_0029,beta
597,human1_lib2.final_cell_0030,beta
598,human1_lib2.final_cell_0031,delta
599,human1_lib2.final_cell_0032,gamma
600,human1_lib2.final_cell_0033,beta
601,human1_lib2.final_cell_0034,delta
602,human1_lib2.final_cell_0035,beta
603,human1_lib2.final_cell_0036,delta
604,human1_lib2.final_cell_0037,beta
605,human1_lib2.final_cell_0038,alpha
606,human1_lib2.final_cell_0039,beta
607,human1_lib2.final_cell_0040,delta
608,human1_lib2.final_cell_0041,delta
609,human1_lib2.final_cell_0042,beta
610,human1_lib2.final_cell_0043,delta
611,human1_lib2.final_cell_0044,delta
612,human1_lib2.final_cell_0045,ductal
613,human1_lib2.final_cell_0046,beta
614,human1_lib2.final_cell_0047,delta
615,human1_lib2.final_cell_0048,delta
616,human1_lib2.final_cell_0049,alpha
617,human1_lib2.final_cell_0050,beta
618,human1_lib2.final_cell_0051,alpha
619,human1_lib2.final_cell_0052,alpha
620,human1_lib2.final_cell_0053,beta
621,human1_lib2.final_cell_0054,acinar
622,human1_lib2.final_cell_0055,beta
623,human1_lib2.final_cell_0056,beta
624,human1_lib2.final_cell_0057,beta
625,human1_lib2.final_cell_0058,delta
626,human1_lib2.final_cell_0059,activated_stellate
627,human1_lib2.final_cell_0060,beta
628,human1_lib2.final_cell_0061,beta
629,human1_lib2.final_cell_0062,beta
630,human1_lib2.final_cell_0063,delta
631,human1_lib2.final_cell_0064,beta
632,human1_lib2.final_cell_0065,alpha
633,human1_lib2.final_cell_0066,ductal
634,human1_lib2.final_cell_0067,acinar
635,human1_lib2.final_cell_0068,delta
636,human1_lib2.final_cell_0069,beta
637,human1_lib2.final_cell_0070,beta
638,human1_lib2.final_cell_0071,beta
639,human1_lib2.final_cell_0072,acinar
640,human1_lib2.final_cell_0073,beta
641,human1_lib2.final_cell_0074,delta
642,human1_lib2.final_cell_0075,beta
643,human1_lib2.final_cell_0076,beta
644,human1_lib2.final_cell_0077,beta
645,human1_lib2.final_cell_0078,delta
646,human1_lib2.final_cell_0079,delta
647,human1_lib2.final_cell_0080,beta
648,human1_lib2.final_cell_0081,delta
649,human1_lib2.final_cell_0082,beta
650,human1_lib2.final_cell_0083,beta
651,human1_lib2.final_cell_0084,beta
652,human1_lib2.final_cell_0085,beta
653,human1_lib2.final_cell_0086,beta
654,human1_lib2.final_cell_0087,beta
655,human1_lib2.final_cell_0088,acinar
656,human1_lib2.final_cell_0089,beta
657,human1_lib2.final_cell_0090,beta
658,human1_lib2.final_cell_0091,beta
659,human1_lib2.final_cell_0092,alpha
660,human1_lib2.final_cell_0093,endothelial
661,human1_lib2.final_cell_0094,beta
662,human1_lib2.final_cell_0095,delta
663,human1_lib2.final_cell_0096,beta
664,human1_lib2.final_cell_0097,delta
665,human1_lib2.final_cell_0098,beta
666,human1_lib2.final_cell_0099,delta
667,human1_lib2.final_cell_0100,beta
668,human1_lib2.final_cell_0101,beta
669,human1_lib2.final_cell_0102,delta
670,human1_lib2.final_cell_0103,ductal
671,human1_lib2.final_cell_0104,beta
672,human1_lib2.final_cell_0105,beta
673,human1_lib2.final_cell_0106,ductal
674,human1_lib2.final_cell_0107,beta
675,human1_lib2.final_cell_0108,beta
676,human1_lib2.final_cell_0109,beta
677,human1_lib2.final_cell_0110,beta
678,human1_lib2.final_cell_0111,acinar
679,human1_lib2.final_cell_0112,acinar
680,human1_lib2.final_cell_0113,beta
681,human1_lib2.final_cell_0114,alpha
682,human1_lib2.final_cell_0115,beta
683,human1_lib2.final_cell_0116,delta
684,human1_lib2.final_cell_0117,beta
685,human1_lib2.final_cell_0118,beta
686,human1_lib2.final_cell_0119,beta
687,human1_lib2.final_cell_0120,beta
688,human1_lib2.final_cell_0121,beta
689,human1_lib2.final_cell_0122,ductal
690,human1_lib2.final_cell_0123,beta
691,human1_lib2.final_cell_0124,acinar
692,human1_lib2.final_cell_0125,beta
693,human1_lib2.final_cell_0126,acinar
694,human1_lib2.final_cell_0127,beta
695,human1_lib2.final_cell_0128,ductal
696,human1_lib2.final_cell_0129,beta
697,human1_lib2.final_cell_0130,activated_stellate
698,human1_lib2.final_cell_0131,alpha
699,human1_lib2.final_cell_0132,beta
700,human1_lib2.final_cell_0133,delta
701,human1_lib2.final_cell_0134,delta
702,human1_lib2.final_cell_0135,beta
703,human1_lib2.final_cell_0136,beta
704,human1_lib2.final_cell_0137,beta
705,human1_lib2.final_cell_0138,beta
706,human1_lib2.final_cell_0139,acinar
707,human1_lib2.final_cell_0140,beta
708,human1_lib2.final_cell_0141,beta
709,human1_lib2.final_cell_0142,beta
710,human1_lib2.final_cell_0143,delta
711,human1_lib2.final_cell_0144,beta
712,human1_lib2.final_cell_0145,ductal
713,human1_lib2.final_cell_0146,beta
714,human1_lib2.final_cell_0147,beta
715,human1_lib2.final_cell_0148,ductal
716,human1_lib2.final_cell_0149,macrophage
717,human1_lib2.final_cell_0150,beta
718,human1_lib2.final_cell_0151,delta
719,human1_lib2.final_cell_0152,beta
720,human1_lib2.final_cell_0153,beta
721,human1_lib2.final_cell_0154,beta
722,human1_lib2.final_cell_0155,beta
723,human1_lib2.final_cell_0156,beta
724,human1_lib2.final_cell_0157,activated_stellate
725,human1_lib2.final_cell_0158,beta
726,human1_lib2.final_cell_0159,beta
727,human1_lib2.final_cell_0160,ductal
728,human1_lib2.final_cell_0161,beta
729,human1_lib2.final_cell_0162,beta
730,human1_lib2.final_cell_0163,beta
731,human1_lib2.final_cell_0164,beta
732,human1_lib2.final_cell_0165,beta
733,human1_lib2.final_cell_0166,delta
734,human1_lib2.final_cell_0167,beta
735,human1_lib2.final_cell_0168,beta
736,human1_lib2.final_cell_0169,delta
737,human1_lib2.final_cell_0170,beta
738,human1_lib2.final_cell_0171,beta
739,human1_lib2.final_cell_0172,beta
740,human1_lib2.final_cell_0173,beta
741,human1_lib2.final_cell_0174,alpha
742,human1_lib2.final_cell_0175,beta
743,human1_lib2.final_cell_0176,beta
744,human1_lib2.final_cell_0177,acinar
745,human1_lib2.final_cell_0178,beta
746,human1_lib2.final_cell_0179,beta
747,human1_lib2.final_cell_0180,beta
748,human1_lib2.final_cell_0181,beta
749,human1_lib2.final_cell_0182,ductal
750,human1_lib2.final_cell_0183,beta
751,human1_lib2.final_cell_0184,delta
752,human1_lib2.final_cell_0185,beta
753,human1_lib2.final_cell_0186,alpha
754,human1_lib2.final_cell_0187,beta
755,human1_lib2.final_cell_0188,beta
756,human1_lib2.final_cell_0189,beta
757,human1_lib2.final_cell_0190,beta
758,human1_lib2.final_cell_0191,delta
759,human1_lib2.final_cell_0192,beta
760,human1_lib2.final_cell_0193,beta
761,human1_lib2.final_cell_0194,delta
762,human1_lib2.final_cell_0195,beta
763,human1_lib2.final_cell_0196,beta
764,human1_lib2.final_cell_0197,beta
765,human1_lib2.final_cell_0198,beta
766,human1_lib2.final_cell_0199,beta
767,human1_lib2.final_cell_0200,beta
768,human1_lib2.final_cell_0201,beta
769,human1_lib2.final_cell_0202,gamma
770,human1_lib2.final_cell_0203,beta
771,human1_lib2.final_cell_0204,beta
772,human1_lib2.final_cell_0205,delta
773,human1_lib2.final_cell_0206,ductal
774,human1_lib2.final_cell_0207,beta
775,human1_lib2.final_cell_0208,beta
776,human1_lib2.final_cell_0209,beta
777,human1_lib2.final_cell_0210,delta
778,human1_lib2.final_cell_0211,beta
779,human1_lib2.final_cell_0212,ductal
780,human1_lib2.final_cell_0213,beta
781,human1_lib2.final_cell_0214,beta
782,human1_lib2.final_cell_0215,beta
783,human1_lib2.final_cell_0216,beta
784,human1_lib2.final_cell_0217,ductal
785,human1_lib2.final_cell_0218,activated_stellate
786,human1_lib2.final_cell_0219,beta
787,human1_lib2.final_cell_0220,alpha
788,human1_lib2.final_cell_0221,beta
789,human1_lib2.final_cell_0222,beta
790,human1_lib2.final_cell_0223,activated_stellate
791,human1_lib2.final_cell_0224,alpha
792,human1_lib2.final_cell_0225,acinar
793,human1_lib2.final_cell_0226,gamma
794,human1_lib2.final_cell_0227,beta
795,human1_lib2.final_cell_0228,beta
796,human1_lib2.final_cell_0229,beta
797,human1_lib2.final_cell_0230,delta
798,human1_lib2.final_cell_0231,alpha
799,human1_lib2.final_cell_0232,endothelial
800,human1_lib2.final_cell_0233,gamma
801,human1_lib2.final_cell_0234,beta
802,human1_lib2.final_cell_0235,alpha
803,human1_lib2.final_cell_0236,beta
804,human1_lib2.final_cell_0237,beta
805,human1_lib2.final_cell_0238,beta
806,human1_lib2.final_cell_0239,beta
807,human1_lib2.final_cell_0240,beta
808,human1_lib2.final_cell_0241,endothelial
809,human1_lib2.final_cell_0242,beta
810,human1_lib2.final_cell_0243,delta
811,human1_lib2.final_cell_0244,beta
812,human1_lib2.final_cell_0245,alpha
813,human1_lib2.final_cell_0246,beta
814,human1_lib2.final_cell_0247,alpha
815,human1_lib2.final_cell_0248,alpha
816,human1_lib2.final_cell_0249,delta
817,human1_lib2.final_cell_0250,alpha
818,human1_lib2.final_cell_0251,ductal
819,human1_lib2.final_cell_0252,beta
820,human1_lib2.final_cell_0253,alpha
821,human1_lib2.final_cell_0254,endothelial
822,human1_lib2.final_cell_0255,beta
823,human1_lib2.final_cell_0256,beta
824,human1_lib2.final_cell_0257,ductal
825,human1_lib2.final_cell_0258,delta
826,human1_lib2.final_cell_0259,beta
827,human1_lib2.final_cell_0260,beta
828,human1_lib2.final_cell_0261,alpha
829,human1_lib2.final_cell_0262,alpha
830,human1_lib2.final_cell_0263,delta
831,human1_lib2.final_cell_0264,gamma
832,human1_lib2.final_cell_0265,alpha
833,human1_lib2.final_cell_0266,beta
834,human1_lib2.final_cell_0267,alpha
835,human1_lib2.final_cell_0268,ductal
836,human1_lib2.final_cell_0269,beta
837,human1_lib2.final_cell_0270,gamma
838,human1_lib2.final_cell_0271,beta
839,human1_lib2.final_cell_0272,schwann
840,human1_lib2.final_cell_0273,delta
841,human1_lib2.final_cell_0274,beta
842,human1_lib2.final_cell_0275,alpha
843,human1_lib2.final_cell_0276,delta
844,human1_lib2.final_cell_0277,beta
845,human1_lib2.final_cell_0278,acinar
846,human1_lib2.final_cell_0279,beta
847,human1_lib2.final_cell_0280,beta
848,human1_lib2.final_cell_0281,beta
849,human1_lib2.final_cell_0282,beta
850,human1_lib2.final_cell_0283,beta
851,human1_lib2.final_cell_0284,alpha
852,human1_lib2.final_cell_0285,beta
853,human1_lib2.final_cell_0286,beta
854,human1_lib2.final_cell_0287,macrophage
855,human1_lib2.final_cell_0288,gamma
856,human1_lib2.final_cell_0289,beta
857,human1_lib2.final_cell_0290,beta
858,human1_lib2.final_cell_0291,alpha
859,human1_lib2.final_cell_0292,acinar
860,human1_lib2.final_cell_0293,endothelial
861,human1_lib2.final_cell_0294,alpha
862,human1_lib2.final_cell_0295,beta
863,human1_lib2.final_cell_0296,alpha
864,human1_lib2.final_cell_0297,alpha
865,human1_lib2.final_cell_0298,alpha
866,human1_lib2.final_cell_0299,beta
867,human1_lib2.final_cell_0300,beta
868,human1_lib2.final_cell_0301,alpha
869,human1_lib2.final_cell_0302,alpha
870,human1_lib2.final_cell_0303,macrophage
871,human1_lib2.final_cell_0304,alpha
872,human1_lib2.final_cell_0305,beta
873,human1_lib2.final_cell_0306,beta
874,human1_lib2.final_cell_0307,beta
875,human1_lib2.final_cell_0308,alpha
876,human1_lib2.final_cell_0309,activated_stellate
877,human1_lib2.final_cell_0310,delta
878,human1_lib2.final_cell_0311,alpha
879,human1_lib2.final_cell_0312,alpha
880,human1_lib2.final_cell_0313,endothelial
881,human1_lib2.final_cell_0314,beta
882,human1_lib2.final_cell_0315,delta
883,human1_lib2.final_cell_0316,beta
884,human1_lib2.final_cell_0317,beta
885,human1_lib2.final_cell_0318,beta
886,human1_lib2.final_cell_0319,ductal
887,human1_lib2.final_cell_0320,beta
888,human1_lib2.final_cell_0321,ductal
889,human1_lib2.final_cell_0322,beta
890,human1_lib2.final_cell_0323,beta
891,human1_lib2.final_cell_0324,activated_stellate
892,human1_lib2.final_cell_0325,beta
893,human1_lib2.final_cell_0326,ductal
894,human1_lib2.final_cell_0327,beta
895,human1_lib2.final_cell_0328,beta
896,human1_lib2.final_cell_0329,delta
897,human1_lib2.final_cell_0330,ductal
898,human1_lib2.final_cell_0331,alpha
899,human1_lib2.final_cell_0332,ductal
900,human1_lib2.final_cell_0333,beta
901,human1_lib2.final_cell_0334,gamma
902,human1_lib2.final_cell_0335,ductal
903,human1_lib2.final_cell_0336,beta
904,human1_lib2.final_cell_0337,gamma
905,human1_lib2.final_cell_0338,delta
906,human1_lib2.final_cell_0339,alpha
907,human1_lib2.final_cell_0340,gamma
908,human1_lib2.final_cell_0341,alpha
909,human1_lib2.final_cell_0342,beta
910,human1_lib2.final_cell_0343,macrophage
911,human1_lib2.final_cell_0344,beta
912,human1_lib2.final_cell_0345,beta
913,human1_lib2.final_cell_0346,quiescent_stellate
914,human1_lib2.final_cell_0347,delta
915,human1_lib2.final_cell_0348,beta
916,human1_lib2.final_cell_0349,alpha
917,human1_lib2.final_cell_0350,beta
918,human1_lib2.final_cell_0351,alpha
919,human1_lib2.final_cell_0352,beta
920,human1_lib2.final_cell_0353,beta
921,human1_lib2.final_cell_0354,gamma
922,human1_lib2.final_cell_0355,alpha
923,human1_lib2.final_cell_0356,beta
924,human1_lib2.final_cell_0357,beta
925,human1_lib2.final_cell_0358,beta
926,human1_lib2.final_cell_0359,beta
927,human1_lib2.final_cell_0360,macrophage
928,human1_lib2.final_cell_0361,beta
929,human1_lib2.final_cell_0362,delta
930,human1_lib2.final_cell_0363,beta
931,human1_lib2.final_cell_0364,gamma
932,human1_lib2.final_cell_0365,epsilon
933,human1_lib2.final_cell_0366,delta
934,human1_lib2.final_cell_0367,alpha
935,human1_lib2.final_cell_0368,beta
936,human1_lib2.final_cell_0369,beta
937,human1_lib2.final_cell_0370,delta
938,human1_lib2.final_cell_0371,alpha
939,human1_lib2.final_cell_0372,endothelial
940,human1_lib2.final_cell_0373,beta
941,human1_lib2.final_cell_0374,activated_stellate
942,human1_lib2.final_cell_0375,acinar
943,human1_lib2.final_cell_0376,beta
944,human1_lib2.final_cell_0377,acinar
945,human1_lib2.final_cell_0378,alpha
946,human1_lib2.final_cell_0379,gamma
947,human1_lib2.final_cell_0380,macrophage
948,human1_lib2.final_cell_0381,beta
949,human1_lib2.final_cell_0382,beta
950,human1_lib2.final_cell_0383,acinar
951,human1_lib2.final_cell_0384,beta
952,human1_lib2.final_cell_0385,beta
953,human1_lib2.final_cell_0386,alpha
954,human1_lib2.final_cell_0387,delta
955,human1_lib2.final_cell_0388,beta
956,human1_lib2.final_cell_0389,ductal
957,human1_lib2.final_cell_0390,alpha
958,human1_lib2.final_cell_0391,beta
959,human1_lib2.final_cell_0392,delta
960,human1_lib2.final_cell_0393,beta
961,human1_lib2.final_cell_0394,beta
962,human1_lib2.final_cell_0395,acinar
963,human1_lib2.final_cell_0396,beta
964,human1_lib2.final_cell_0397,beta
965,human1_lib2.final_cell_0398,beta
966,human1_lib2.final_cell_0399,alpha
967,human1_lib2.final_cell_0400,alpha
968,human1_lib2.final_cell_0401,alpha
969,human1_lib2.final_cell_0402,ductal
970,human1_lib2.final_cell_0403,alpha
971,human1_lib2.final_cell_0404,acinar
972,human1_lib2.final_cell_0405,acinar
973,human1_lib2.final_cell_0406,beta
974,human1_lib2.final_cell_0407,delta
975,human1_lib2.final_cell_0408,quiescent_stellate
976,human1_lib2.final_cell_0409,alpha
977,human1_lib2.final_cell_0410,delta
978,human1_lib2.final_cell_0411,beta
979,human1_lib2.final_cell_0412,ductal
980,human1_lib2.final_cell_0413,beta
981,human1_lib2.final_cell_0414,beta
982,human1_lib2.final_cell_0415,beta
983,human1_lib2.final_cell_0416,beta
984,human1_lib2.final_cell_0417,quiescent_stellate
985,human1_lib2.final_cell_0418,endothelial
986,human1_lib2.final_cell_0419,acinar
987,human1_lib2.final_cell_0420,activated_stellate
988,human1_lib2.final_cell_0421,delta
989,human1_lib2.final_cell_0422,beta
990,human1_lib2.final_cell_0423,alpha
991,human1_lib2.final_cell_0424,endothelial
992,human1_lib2.final_cell_0425,endothelial
993,human1_lib2.final_cell_0426,alpha
994,human1_lib2.final_cell_0427,beta
995,human1_lib2.final_cell_0428,gamma
996,human1_lib2.final_cell_0429,beta
997,human1_lib2.final_cell_0430,ductal
998,human1_lib2.final_cell_0431,activated_stellate
999,human1_lib2.final_cell_0432,alpha
1000,human1_lib2.final_cell_0433,beta
1001,human1_lib2.final_cell_0434,beta
1002,human1_lib2.final_cell_0435,alpha
1003,human1_lib2.final_cell_0436,acinar
1004,human1_lib2.final_cell_0437,quiescent_stellate
1005,human1_lib2.final_cell_0438,beta
1006,human1_lib2.final_cell_0439,alpha
1007,human1_lib2.final_cell_0440,beta
1008,human1_lib2.final_cell_0441,ductal
1009,human1_lib2.final_cell_0442,beta
1010,human1_lib2.final_cell_0443,delta
1011,human1_lib2.final_cell_0444,beta
1012,human1_lib2.final_cell_0445,beta
1013,human1_lib2.final_cell_0446,beta
1014,human1_lib2.final_cell_0447,beta
1015,human1_lib2.final_cell_0448,quiescent_stellate
1016,human1_lib2.final_cell_0449,beta
1017,human1_lib2.final_cell_0450,beta
1018,human1_lib2.final_cell_0451,schwann
1019,human1_lib2.final_cell_0452,endothelial
1020,human1_lib2.final_cell_0453,beta
1021,human1_lib2.final_cell_0454,beta
1022,human1_lib2.final_cell_0455,ductal
1023,human1_lib2.final_cell_0456,gamma
1024,human1_lib2.final_cell_0457,alpha
1025,human1_lib2.final_cell_0458,gamma
1026,human1_lib2.final_cell_0459,alpha
1027,human1_lib2.final_cell_0460,quiescent_stellate
1028,human1_lib2.final_cell_0461,endothelial
1029,human1_lib2.final_cell_0462,quiescent_stellate
1030,human1_lib2.final_cell_0463,delta
1031,human1_lib2.final_cell_0464,beta
1032,human1_lib2.final_cell_0465,ductal
1033,human1_lib2.final_cell_0466,endothelial
1034,human1_lib2.final_cell_0467,beta
1035,human1_lib2.final_cell_0468,delta
1036,human1_lib2.final_cell_0469,activated_stellate
1037,human1_lib2.final_cell_0470,endothelial
1038,human1_lib2.final_cell_0471,acinar
1039,human1_lib2.final_cell_0472,endothelial
1040,human1_lib2.final_cell_0473,delta
1041,human1_lib2.final_cell_0474,gamma
1042,human1_lib2.final_cell_0475,activated_stellate
1043,human1_lib2.final_cell_0476,endothelial
1044,human1_lib2.final_cell_0477,beta
1045,human1_lib2.final_cell_0478,ductal
1046,human1_lib2.final_cell_0479,beta
1047,human1_lib2.final_cell_0480,beta
1048,human1_lib2.final_cell_0481,alpha
1049,human1_lib2.final_cell_0482,alpha
1050,human1_lib2.final_cell_0483,beta
1051,human1_lib2.final_cell_0484,ductal
1052,human1_lib2.final_cell_0485,beta
1053,human1_lib2.final_cell_0486,alpha
1054,human1_lib2.final_cell_0487,endothelial
1055,human1_lib2.final_cell_0488,endothelial
1056,human1_lib2.final_cell_0489,beta
1057,human1_lib2.final_cell_0490,endothelial
1058,human1_lib2.final_cell_0491,endothelial
1059,human1_lib2.final_cell_0492,alpha
1060,human1_lib2.final_cell_0493,quiescent_stellate
1061,human1_lib2.final_cell_0494,ductal
1062,human1_lib2.final_cell_0495,beta
1063,human1_lib2.final_cell_0496,quiescent_stellate
1064,human1_lib2.final_cell_0497,epsilon
1065,human1_lib2.final_cell_0498,delta
1066,human1_lib2.final_cell_0499,macrophage
1067,human1_lib2.final_cell_0500,gamma
1068,human1_lib2.final_cell_0501,ductal
1069,human1_lib2.final_cell_0502,alpha
1070,human1_lib2.final_cell_0503,beta
1071,human1_lib2.final_cell_0504,alpha
1072,human1_lib2.final_cell_0505,endothelial
1073,human1_lib2.final_cell_0506,beta
1074,human1_lib2.final_cell_0507,gamma
1075,human1_lib2.final_cell_0508,beta
1076,human1_lib2.final_cell_0509,beta
1077,human1_lib2.final_cell_0510,quiescent_stellate
1078,human1_lib2.final_cell_0511,alpha
1079,human1_lib2.final_cell_0512,beta
1080,human1_lib2.final_cell_0513,gamma
1081,human1_lib2.final_cell_0514,alpha
1082,human1_lib2.final_cell_0515,alpha
1083,human1_lib2.final_cell_0516,beta
1084,human1_lib2.final_cell_0517,endothelial
1085,human1_lib2.final_cell_0518,beta
1086,human1_lib2.final_cell_0519,quiescent_stellate
1087,human1_lib2.final_cell_0520,endothelial
1088,human1_lib2.final_cell_0521,beta
1089,human1_lib2.final_cell_0522,beta
1090,human1_lib2.final_cell_0523,beta
1091,human1_lib2.final_cell_0524,beta
1092,human1_lib2.final_cell_0525,ductal
1093,human1_lib2.final_cell_0526,beta
1094,human1_lib2.final_cell_0527,alpha
1095,human1_lib2.final_cell_0528,quiescent_stellate
1096,human1_lib2.final_cell_0529,beta
1097,human1_lib2.final_cell_0530,endothelial
1098,human1_lib2.final_cell_0531,beta
1099,human1_lib2.final_cell_0532,ductal
1100,human1_lib2.final_cell_0533,ductal
1101,human1_lib2.final_cell_0534,beta
1102,human1_lib2.final_cell_0535,activated_stellate
1103,human1_lib2.final_cell_0536,beta
1104,human1_lib2.final_cell_0537,ductal
1105,human1_lib2.final_cell_0538,beta
1106,human1_lib2.final_cell_0539,endothelial
1107,human1_lib2.final_cell_0540,beta
1108,human1_lib2.final_cell_0541,beta
1109,human1_lib2.final_cell_0542,acinar
1110,human1_lib2.final_cell_0543,alpha
1111,human1_lib2.final_cell_0544,schwann
1112,human1_lib2.final_cell_0545,beta
1113,human1_lib2.final_cell_0546,beta
1114,human1_lib2.final_cell_0547,quiescent_stellate
1115,human1_lib2.final_cell_0548,beta
1116,human1_lib2.final_cell_0549,gamma
1117,human1_lib2.final_cell_0550,endothelial
1118,human1_lib2.final_cell_0551,beta
1119,human1_lib2.final_cell_0552,mast
1120,human1_lib2.final_cell_0553,beta
1121,human1_lib2.final_cell_0554,gamma
1122,human1_lib2.final_cell_0555,quiescent_stellate
1123,human1_lib2.final_cell_0556,beta
1124,human1_lib2.final_cell_0557,beta
1125,human1_lib2.final_cell_0558,beta
1126,human1_lib2.final_cell_0559,endothelial
1127,human1_lib2.final_cell_0560,beta
1128,human1_lib2.final_cell_0561,alpha
1129,human1_lib2.final_cell_0562,quiescent_stellate
1130,human1_lib2.final_cell_0563,activated_stellate
1131,human1_lib2.final_cell_0564,beta
1132,human1_lib2.final_cell_0565,alpha
1133,human1_lib2.final_cell_0566,endothelial
1134,human1_lib2.final_cell_0567,quiescent_stellate
1135,human1_lib2.final_cell_0568,endothelial
1136,human1_lib2.final_cell_0569,endothelial
1137,human1_lib2.final_cell_0570,endothelial
1138,human1_lib2.final_cell_0571,endothelial
1139,human1_lib2.final_cell_0572,ductal
1140,human1_lib2.final_cell_0573,beta
1141,human1_lib2.final_cell_0574,ductal
1142,human1_lib2.final_cell_0575,quiescent_stellate
1143,human1_lib2.final_cell_0576,beta
1144,human1_lib2.final_cell_0577,endothelial
1145,human1_lib2.final_cell_0578,endothelial
1146,human1_lib2.final_cell_0579,alpha
1147,human1_lib2.final_cell_0580,quiescent_stellate
1148,human1_lib2.final_cell_0581,alpha
1149,human1_lib2.final_cell_0582,acinar
1150,human1_lib2.final_cell_0583,gamma
1151,human1_lib2.final_cell_0584,endothelial
1152,human1_lib2.final_cell_0585,beta
1153,human1_lib2.final_cell_0586,quiescent_stellate
1154,human1_lib2.final_cell_0587,activated_stellate
1155,human1_lib2.final_cell_0588,beta
1156,human1_lib2.final_cell_0589,beta
1157,human1_lib2.final_cell_0590,endothelial
1158,human1_lib2.final_cell_0591,alpha
1159,human1_lib2.final_cell_0592,quiescent_stellate
1160,human1_lib2.final_cell_0593,quiescent_stellate
1161,human1_lib2.final_cell_0594,quiescent_stellate
1162,human1_lib2.final_cell_0595,quiescent_stellate
1163,human1_lib2.final_cell_0596,endothelial
1164,human1_lib2.final_cell_0597,beta
1165,human1_lib2.final_cell_0598,quiescent_stellate
1166,human1_lib2.final_cell_0599,beta
1167,human1_lib2.final_cell_0600,quiescent_stellate
1168,human1_lib2.final_cell_0601,quiescent_stellate
1169,human1_lib2.final_cell_0602,beta
1170,human1_lib2.final_cell_0603,beta
1171,human1_lib2.final_cell_0604,beta
1172,human1_lib2.final_cell_0605,beta
1173,human1_lib2.final_cell_0606,beta
1174,human1_lib2.final_cell_0607,endothelial
1175,human1_lib2.final_cell_0608,alpha
1176,human1_lib2.final_cell_0609,beta
1177,human1_lib2.final_cell_0610,endothelial
1178,human1_lib2.final_cell_0611,endothelial
1179,human1_lib2.final_cell_0612,activated_stellate
1180,human1_lib2.final_cell_0613,alpha
1181,human1_lib2.final_cell_0614,beta
1182,human1_lib2.final_cell_0615,beta
1183,human1_lib2.final_cell_0616,acinar
1184,human1_lib2.final_cell_0617,quiescent_stellate
1185,human1_lib2.final_cell_0618,endothelial
1186,human1_lib2.final_cell_0619,endothelial
1187,human1_lib2.final_cell_0620,endothelial
1188,human1_lib2.final_cell_0621,delta
1189,human1_lib2.final_cell_0622,endothelial
1190,human1_lib2.final_cell_0623,alpha
1191,human1_lib2.final_cell_0624,beta
1192,human1_lib2.final_cell_0625,quiescent_stellate
1193,human1_lib2.final_cell_0626,endothelial
1194,human1_lib2.final_cell_0627,quiescent_stellate
1195,human1_lib2.final_cell_0628,alpha
1196,human1_lib2.final_cell_0629,quiescent_stellate
1197,human1_lib3.final_cell_0001,acinar
1198,human1_lib3.final_cell_0002,acinar
1199,human1_lib3.final_cell_0003,delta
1200,human1_lib3.final_cell_0004,acinar
1201,human1_lib3.final_cell_0005,activated_stellate
1202,human1_lib3.final_cell_0006,acinar
1203,human1_lib3.final_cell_0007,acinar
1204,human1_lib3.final_cell_0008,delta
1205,human1_lib3.final_cell_0009,delta
1206,human1_lib3.final_cell_0010,delta
1207,human1_lib3.final_cell_0011,acinar
1208,human1_lib3.final_cell_0012,beta
1209,human1_lib3.final_cell_0013,activated_stellate
1210,human1_lib3.final_cell_0014,delta
1211,human1_lib3.final_cell_0015,delta
1212,human1_lib3.final_cell_0016,delta
1213,human1_lib3.final_cell_0017,delta
1214,human1_lib3.final_cell_0018,beta
1215,human1_lib3.final_cell_0019,delta
1216,human1_lib3.final_cell_0020,acinar
1217,human1_lib3.final_cell_0021,activated_stellate
1218,human1_lib3.final_cell_0022,activated_stellate
1219,human1_lib3.final_cell_0023,delta
1220,human1_lib3.final_cell_0024,beta
1221,human1_lib3.final_cell_0025,acinar
1222,human1_lib3.final_cell_0026,delta
1223,human1_lib3.final_cell_0027,beta
1224,human1_lib3.final_cell_0028,delta
1225,human1_lib3.final_cell_0029,ductal
1226,human1_lib3.final_cell_0030,acinar
1227,human1_lib3.final_cell_0031,acinar
1228,human1_lib3.final_cell_0032,delta
1229,human1_lib3.final_cell_0033,beta
1230,human1_lib3.final_cell_0034,beta
1231,human1_lib3.final_cell_0035,beta
1232,human1_lib3.final_cell_0036,delta
1233,human1_lib3.final_cell_0037,beta
1234,human1_lib3.final_cell_0038,beta
1235,human1_lib3.final_cell_0039,beta
1236,human1_lib3.final_cell_0040,delta
1237,human1_lib3.final_cell_0041,delta
1238,human1_lib3.final_cell_0042,delta
1239,human1_lib3.final_cell_0043,acinar
1240,human1_lib3.final_cell_0044,ductal
1241,human1_lib3.final_cell_0045,delta
1242,human1_lib3.final_cell_0046,activated_stellate
1243,human1_lib3.final_cell_0047,beta
1244,human1_lib3.final_cell_0048,activated_stellate
1245,human1_lib3.final_cell_0049,alpha
1246,human1_lib3.final_cell_0050,delta
1247,human1_lib3.final_cell_0051,beta
1248,human1_lib3.final_cell_0052,beta
1249,human1_lib3.final_cell_0053,beta
1250,human1_lib3.final_cell_0054,acinar
1251,human1_lib3.final_cell_0055,delta
1252,human1_lib3.final_cell_0056,ductal
1253,human1_lib3.final_cell_0057,macrophage
1254,human1_lib3.final_cell_0058,delta
1255,human1_lib3.final_cell_0059,beta
1256,human1_lib3.final_cell_0060,beta
1257,human1_lib3.final_cell_0061,delta
1258,human1_lib3.final_cell_0062,delta
1259,human1_lib3.final_cell_0063,beta
1260,human1_lib3.final_cell_0064,delta
1261,human1_lib3.final_cell_0065,beta
1262,human1_lib3.final_cell_0066,delta
1263,human1_lib3.final_cell_0067,acinar
1264,human1_lib3.final_cell_0068,delta
1265,human1_lib3.final_cell_0069,beta
1266,human1_lib3.final_cell_0070,acinar
1267,human1_lib3.final_cell_0071,beta
1268,human1_lib3.final_cell_0072,beta
1269,human1_lib3.final_cell_0073,ductal
1270,human1_lib3.final_cell_0074,delta
1271,human1_lib3.final_cell_0075,delta
1272,human1_lib3.final_cell_0076,beta
1273,human1_lib3.final_cell_0077,delta
1274,human1_lib3.final_cell_0078,delta
1275,human1_lib3.final_cell_0079,beta
1276,human1_lib3.final_cell_0080,alpha
1277,human1_lib3.final_cell_0081,beta
1278,human1_lib3.final_cell_0082,acinar
1279,human1_lib3.final_cell_0083,alpha
1280,human1_lib3.final_cell_0084,alpha
1281,human1_lib3.final_cell_0085,beta
1282,human1_lib3.final_cell_0086,beta
1283,human1_lib3.final_cell_0087,beta
1284,human1_lib3.final_cell_0088,beta
1285,human1_lib3.final_cell_0089,beta
1286,human1_lib3.final_cell_0090,beta
1287,human1_lib3.final_cell_0091,beta
1288,human1_lib3.final_cell_0092,beta
1289,human1_lib3.final_cell_0093,delta
1290,human1_lib3.final_cell_0094,beta
1291,human1_lib3.final_cell_0095,beta
1292,human1_lib3.final_cell_0096,delta
1293,human1_lib3.final_cell_0097,beta
1294,human1_lib3.final_cell_0098,beta
1295,human1_lib3.final_cell_0099,beta
1296,human1_lib3.final_cell_0100,alpha
1297,human1_lib3.final_cell_0101,delta
1298,human1_lib3.final_cell_0102,alpha
1299,human1_lib3.final_cell_0103,beta
1300,human1_lib3.final_cell_0104,delta
1301,human1_lib3.final_cell_0105,beta
1302,human1_lib3.final_cell_0106,activated_stellate
1303,human1_lib3.final_cell_0107,beta
1304,human1_lib3.final_cell_0108,beta
1305,human1_lib3.final_cell_0109,delta
1306,human1_lib3.final_cell_0110,delta
1307,human1_lib3.final_cell_0111,ductal
1308,human1_lib3.final_cell_0112,acinar
1309,human1_lib3.final_cell_0113,acinar
1310,human1_lib3.final_cell_0114,delta
1311,human1_lib3.final_cell_0115,ductal
1312,human1_lib3.final_cell_0116,delta
1313,human1_lib3.final_cell_0117,beta
1314,human1_lib3.final_cell_0118,ductal
1315,human1_lib3.final_cell_0119,beta
1316,human1_lib3.final_cell_0120,beta
1317,human1_lib3.final_cell_0121,beta
1318,human1_lib3.final_cell_0122,beta
1319,human1_lib3.final_cell_0123,alpha
1320,human1_lib3.final_cell_0124,beta
1321,human1_lib3.final_cell_0125,beta
1322,human1_lib3.final_cell_0126,beta
1323,human1_lib3.final_cell_0127,beta
1324,human1_lib3.final_cell_0128,beta
1325,human1_lib3.final_cell_0129,alpha
1326,human1_lib3.final_cell_0130,acinar
1327,human1_lib3.final_cell_0131,beta
1328,human1_lib3.final_cell_0132,beta
1329,human1_lib3.final_cell_0133,beta
1330,human1_lib3.final_cell_0134,beta
1331,human1_lib3.final_cell_0135,delta
1332,human1_lib3.final_cell_0136,beta
1333,human1_lib3.final_cell_0137,beta
1334,human1_lib3.final_cell_0138,beta
1335,human1_lib3.final_cell_0139,activated_stellate
1336,human1_lib3.final_cell_0140,beta
1337,human1_lib3.final_cell_0141,delta
1338,human1_lib3.final_cell_0142,beta
1339,human1_lib3.final_cell_0143,acinar
1340,human1_lib3.final_cell_0144,beta
1341,human1_lib3.final_cell_0145,beta
1342,human1_lib3.final_cell_0146,activated_stellate
1343,human1_lib3.final_cell_0147,alpha
1344,human1_lib3.final_cell_0148,beta
1345,human1_lib3.final_cell_0149,beta
1346,human1_lib3.final_cell_0150,quiescent_stellate
1347,human1_lib3.final_cell_0151,activated_stellate
1348,human1_lib3.final_cell_0152,acinar
1349,human1_lib3.final_cell_0153,beta
1350,human1_lib3.final_cell_0154,alpha
1351,human1_lib3.final_cell_0155,delta
1352,human1_lib3.final_cell_0156,acinar
1353,human1_lib3.final_cell_0157,beta
1354,human1_lib3.final_cell_0158,beta
1355,human1_lib3.final_cell_0159,beta
1356,human1_lib3.final_cell_0160,beta
1357,human1_lib3.final_cell_0161,ductal
1358,human1_lib3.final_cell_0162,beta
1359,human1_lib3.final_cell_0163,acinar
1360,human1_lib3.final_cell_0164,beta
1361,human1_lib3.final_cell_0165,beta
1362,human1_lib3.final_cell_0166,beta
1363,human1_lib3.final_cell_0167,beta
1364,human1_lib3.final_cell_0168,beta
1365,human1_lib3.final_cell_0169,beta
1366,human1_lib3.final_cell_0170,alpha
1367,human1_lib3.final_cell_0171,acinar
1368,human1_lib3.final_cell_0172,beta
1369,human1_lib3.final_cell_0173,beta
1370,human1_lib3.final_cell_0174,alpha
1371,human1_lib3.final_cell_0175,beta
1372,human1_lib3.final_cell_0176,beta
1373,human1_lib3.final_cell_0177,gamma
1374,human1_lib3.final_cell_0178,delta
1375,human1_lib3.final_cell_0179,macrophage
1376,human1_lib3.final_cell_0180,alpha
1377,human1_lib3.final_cell_0181,delta
1378,human1_lib3.final_cell_0182,beta
1379,human1_lib3.final_cell_0183,ductal
1380,human1_lib3.final_cell_0184,ductal
1381,human1_lib3.final_cell_0185,alpha
1382,human1_lib3.final_cell_0186,beta
1383,human1_lib3.final_cell_0187,beta
1384,human1_lib3.final_cell_0188,acinar
1385,human1_lib3.final_cell_0189,endothelial
1386,human1_lib3.final_cell_0190,alpha
1387,human1_lib3.final_cell_0191,gamma
1388,human1_lib3.final_cell_0192,beta
1389,human1_lib3.final_cell_0193,quiescent_stellate
1390,human1_lib3.final_cell_0194,beta
1391,human1_lib3.final_cell_0195,delta
1392,human1_lib3.final_cell_0196,beta
1393,human1_lib3.final_cell_0197,ductal
1394,human1_lib3.final_cell_0198,beta
1395,human1_lib3.final_cell_0199,alpha
1396,human1_lib3.final_cell_0200,beta
1397,human1_lib3.final_cell_0201,delta
1398,human1_lib3.final_cell_0202,beta
1399,human1_lib3.final_cell_0203,alpha
1400,human1_lib3.final_cell_0204,quiescent_stellate
1401,human1_lib3.final_cell_0205,ductal
1402,human1_lib3.final_cell_0206,delta
1403,human1_lib3.final_cell_0207,beta
1404,human1_lib3.final_cell_0208,beta
1405,human1_lib3.final_cell_0209,delta
1406,human1_lib3.final_cell_0210,alpha
1407,human1_lib3.final_cell_0211,beta
1408,human1_lib3.final_cell_0212,beta
1409,human1_lib3.final_cell_0213,delta
1410,human1_lib3.final_cell_0214,beta
1411,human1_lib3.final_cell_0215,beta
1412,human1_lib3.final_cell_0216,delta
1413,human1_lib3.final_cell_0217,ductal
1414,human1_lib3.final_cell_0218,ductal
1415,human1_lib3.final_cell_0219,beta
1416,human1_lib3.final_cell_0220,beta
1417,human1_lib3.final_cell_0221,beta
1418,human1_lib3.final_cell_0222,beta
1419,human1_lib3.final_cell_0223,endothelial
1420,human1_lib3.final_cell_0224,beta
1421,human1_lib3.final_cell_0225,beta
1422,human1_lib3.final_cell_0226,alpha
1423,human1_lib3.final_cell_0227,beta
1424,human1_lib3.final_cell_0228,beta
1425,human1_lib3.final_cell_0229,alpha
1426,human1_lib3.final_cell_0230,beta
1427,human1_lib3.final_cell_0231,acinar
1428,human1_lib3.final_cell_0232,delta
1429,human1_lib3.final_cell_0233,beta
1430,human1_lib3.final_cell_0234,beta
1431,human1_lib3.final_cell_0235,ductal
1432,human1_lib3.final_cell_0236,ductal
1433,human1_lib3.final_cell_0237,beta
1434,human1_lib3.final_cell_0238,alpha
1435,human1_lib3.final_cell_0239,beta
1436,human1_lib3.final_cell_0240,beta
1437,human1_lib3.final_cell_0241,ductal
1438,human1_lib3.final_cell_0242,alpha
1439,human1_lib3.final_cell_0243,activated_stellate
1440,human1_lib3.final_cell_0244,beta
1441,human1_lib3.final_cell_0245,alpha
1442,human1_lib3.final_cell_0246,ductal
1443,human1_lib3.final_cell_0247,delta
1444,human1_lib3.final_cell_0248,alpha
1445,human1_lib3.final_cell_0249,gamma
1446,human1_lib3.final_cell_0250,beta
1447,human1_lib3.final_cell_0251,activated_stellate
1448,human1_lib3.final_cell_0252,ductal
1449,human1_lib3.final_cell_0253,beta
1450,human1_lib3.final_cell_0254,beta
1451,human1_lib3.final_cell_0255,activated_stellate
1452,human1_lib3.final_cell_0256,beta
1453,human1_lib3.final_cell_0257,delta
1454,human1_lib3.final_cell_0258,activated_stellate
1455,human1_lib3.final_cell_0259,beta
1456,human1_lib3.final_cell_0260,gamma
1457,human1_lib3.final_cell_0261,beta
1458,human1_lib3.final_cell_0262,beta
1459,human1_lib3.final_cell_0263,beta
1460,human1_lib3.final_cell_0264,delta
1461,human1_lib3.final_cell_0265,beta
1462,human1_lib3.final_cell_0266,beta
1463,human1_lib3.final_cell_0267,alpha
1464,human1_lib3.final_cell_0268,beta
1465,human1_lib3.final_cell_0269,alpha
1466,human1_lib3.final_cell_0270,epsilon
1467,human1_lib3.final_cell_0271,activated_stellate
1468,human1_lib3.final_cell_0272,beta
1469,human1_lib3.final_cell_0273,alpha
1470,human1_lib3.final_cell_0274,ductal
1471,human1_lib3.final_cell_0275,alpha
1472,human1_lib3.final_cell_0276,beta
1473,human1_lib3.final_cell_0277,beta
1474,human1_lib3.final_cell_0278,delta
1475,human1_lib3.final_cell_0279,ductal
1476,human1_lib3.final_cell_0280,beta
1477,human1_lib3.final_cell_0281,alpha
1478,human1_lib3.final_cell_0282,delta
1479,human1_lib3.final_cell_0283,beta
1480,human1_lib3.final_cell_0284,beta
1481,human1_lib3.final_cell_0285,beta
1482,human1_lib3.final_cell_0286,beta
1483,human1_lib3.final_cell_0287,beta
1484,human1_lib3.final_cell_0288,activated_stellate
1485,human1_lib3.final_cell_0289,alpha
1486,human1_lib3.final_cell_0290,beta
1487,human1_lib3.final_cell_0291,ductal
1488,human1_lib3.final_cell_0292,delta
1489,human1_lib3.final_cell_0293,alpha
1490,human1_lib3.final_cell_0294,alpha
1491,human1_lib3.final_cell_0295,beta
1492,human1_lib3.final_cell_0296,beta
1493,human1_lib3.final_cell_0297,beta
1494,human1_lib3.final_cell_0298,delta
1495,human1_lib3.final_cell_0299,alpha
1496,human1_lib3.final_cell_0300,beta
1497,human1_lib3.final_cell_0301,beta
1498,human1_lib3.final_cell_0302,beta
1499,human1_lib3.final_cell_0303,beta
1500,human1_lib3.final_cell_0304,beta
1501,human1_lib3.final_cell_0305,delta
1502,human1_lib3.final_cell_0306,beta
1503,human1_lib3.final_cell_0307,beta
1504,human1_lib3.final_cell_0308,beta
1505,human1_lib3.final_cell_0309,alpha
1506,human1_lib3.final_cell_0310,beta
1507,human1_lib3.final_cell_0311,gamma
1508,human1_lib3.final_cell_0312,beta
1509,human1_lib3.final_cell_0313,activated_stellate
1510,human1_lib3.final_cell_0314,beta
1511,human1_lib3.final_cell_0315,alpha
1512,human1_lib3.final_cell_0316,alpha
1513,human1_lib3.final_cell_0317,beta
1514,human1_lib3.final_cell_0318,beta
1515,human1_lib3.final_cell_0319,delta
1516,human1_lib3.final_cell_0320,beta
1517,human1_lib3.final_cell_0321,beta
1518,human1_lib3.final_cell_0322,beta
1519,human1_lib3.final_cell_0323,beta
1520,human1_lib3.final_cell_0324,beta
1521,human1_lib3.final_cell_0325,beta
1522,human1_lib3.final_cell_0326,quiescent_stellate
1523,human1_lib3.final_cell_0327,ductal
1524,human1_lib3.final_cell_0328,ductal
1525,human1_lib3.final_cell_0329,delta
1526,human1_lib3.final_cell_0330,alpha
1527,human1_lib3.final_cell_0331,beta
1528,human1_lib3.final_cell_0332,beta
1529,human1_lib3.final_cell_0333,beta
1530,human1_lib3.final_cell_0334,beta
1531,human1_lib3.final_cell_0335,beta
1532,human1_lib3.final_cell_0336,beta
1533,human1_lib3.final_cell_0337,gamma
1534,human1_lib3.final_cell_0338,beta
1535,human1_lib3.final_cell_0339,beta
1536,human1_lib3.final_cell_0340,gamma
1537,human1_lib3.final_cell_0341,alpha
1538,human1_lib3.final_cell_0342,beta
1539,human1_lib3.final_cell_0343,alpha
1540,human1_lib3.final_cell_0344,alpha
1541,human1_lib3.final_cell_0345,beta
1542,human1_lib3.final_cell_0346,delta
1543,human1_lib3.final_cell_0347,beta
1544,human1_lib3.final_cell_0348,beta
1545,human1_lib3.final_cell_0349,beta
1546,human1_lib3.final_cell_0350,beta
1547,human1_lib3.final_cell_0351,endothelial
1548,human1_lib3.final_cell_0352,beta
1549,human1_lib3.final_cell_0353,quiescent_stellate
1550,human1_lib3.final_cell_0354,beta
1551,human1_lib3.final_cell_0355,beta
1552,human1_lib3.final_cell_0356,alpha
1553,human1_lib3.final_cell_0357,ductal
1554,human1_lib3.final_cell_0358,beta
1555,human1_lib3.final_cell_0359,beta
1556,human1_lib3.final_cell_0360,gamma
1557,human1_lib3.final_cell_0361,alpha
1558,human1_lib3.final_cell_0362,gamma
1559,human1_lib3.final_cell_0363,beta
1560,human1_lib3.final_cell_0364,beta
1561,human1_lib3.final_cell_0365,alpha
1562,human1_lib3.final_cell_0366,alpha
1563,human1_lib3.final_cell_0367,ductal
1564,human1_lib3.final_cell_0368,beta
1565,human1_lib3.final_cell_0369,alpha
1566,human1_lib3.final_cell_0370,beta
1567,human1_lib3.final_cell_0371,delta
1568,human1_lib3.final_cell_0372,ductal
1569,human1_lib3.final_cell_0373,beta
1570,human1_lib3.final_cell_0374,beta
1571,human1_lib3.final_cell_0375,beta
1572,human1_lib3.final_cell_0376,beta
1573,human1_lib3.final_cell_0377,beta
1574,human1_lib3.final_cell_0378,beta
1575,human1_lib3.final_cell_0379,ductal
1576,human1_lib3.final_cell_0380,beta
1577,human1_lib3.final_cell_0381,alpha
1578,human1_lib3.final_cell_0382,beta
1579,human1_lib3.final_cell_0383,beta
1580,human1_lib3.final_cell_0384,alpha
1581,human1_lib3.final_cell_0385,acinar
1582,human1_lib3.final_cell_0386,acinar
1583,human1_lib3.final_cell_0387,beta
1584,human1_lib3.final_cell_0388,beta
1585,human1_lib3.final_cell_0389,beta
1586,human1_lib3.final_cell_0390,alpha
1587,human1_lib3.final_cell_0391,alpha
1588,human1_lib3.final_cell_0392,alpha
1589,human1_lib3.final_cell_0393,alpha
1590,human1_lib3.final_cell_0394,beta
1591,human1_lib3.final_cell_0395,alpha
1592,human1_lib3.final_cell_0396,beta
1593,human1_lib3.final_cell_0397,alpha
1594,human1_lib3.final_cell_0398,beta
1595,human1_lib3.final_cell_0399,beta
1596,human1_lib3.final_cell_0400,beta
1597,human1_lib3.final_cell_0401,alpha
1598,human1_lib3.final_cell_0402,delta
1599,human1_lib3.final_cell_0403,alpha
1600,human1_lib3.final_cell_0404,beta
1601,human1_lib3.final_cell_0405,beta
1602,human1_lib3.final_cell_0406,beta
1603,human1_lib3.final_cell_0407,alpha
1604,human1_lib3.final_cell_0408,gamma
1605,human1_lib3.final_cell_0409,acinar
1606,human1_lib3.final_cell_0410,beta
1607,human1_lib3.final_cell_0411,ductal
1608,human1_lib3.final_cell_0412,delta
1609,human1_lib3.final_cell_0413,beta
1610,human1_lib3.final_cell_0414,ductal
1611,human1_lib3.final_cell_0415,gamma
1612,human1_lib3.final_cell_0416,beta
1613,human1_lib3.final_cell_0417,quiescent_stellate
1614,human1_lib3.final_cell_0418,ductal
1615,human1_lib3.final_cell_0419,delta
1616,human1_lib3.final_cell_0420,gamma
1617,human1_lib3.final_cell_0421,beta
1618,human1_lib3.final_cell_0422,beta
1619,human1_lib3.final_cell_0423,beta
1620,human1_lib3.final_cell_0424,gamma
1621,human1_lib3.final_cell_0425,ductal
1622,human1_lib3.final_cell_0426,alpha
1623,human1_lib3.final_cell_0427,acinar
1624,human1_lib3.final_cell_0428,ductal
1625,human1_lib3.final_cell_0429,endothelial
1626,human1_lib3.final_cell_0430,alpha
1627,human1_lib3.final_cell_0431,endothelial
1628,human1_lib3.final_cell_0432,beta
1629,human1_lib3.final_cell_0433,beta
1630,human1_lib3.final_cell_0434,beta
1631,human1_lib3.final_cell_0435,beta
1632,human1_lib3.final_cell_0436,alpha
1633,human1_lib3.final_cell_0437,beta
1634,human1_lib3.final_cell_0438,ductal
1635,human1_lib3.final_cell_0439,ductal
1636,human1_lib3.final_cell_0440,beta
1637,human1_lib3.final_cell_0441,beta
1638,human1_lib3.final_cell_0442,gamma
1639,human1_lib3.final_cell_0443,beta
1640,human1_lib3.final_cell_0444,quiescent_stellate
1641,human1_lib3.final_cell_0445,ductal
1642,human1_lib3.final_cell_0446,beta
1643,human1_lib3.final_cell_0447,acinar
1644,human1_lib3.final_cell_0448,ductal
1645,human1_lib3.final_cell_0449,endothelial
1646,human1_lib3.final_cell_0450,acinar
1647,human1_lib3.final_cell_0451,gamma
1648,human1_lib3.final_cell_0452,beta
1649,human1_lib3.final_cell_0453,beta
1650,human1_lib3.final_cell_0454,quiescent_stellate
1651,human1_lib3.final_cell_0455,beta
1652,human1_lib3.final_cell_0456,beta
1653,human1_lib3.final_cell_0457,epsilon
1654,human1_lib3.final_cell_0458,beta
1655,human1_lib3.final_cell_0459,alpha
1656,human1_lib3.final_cell_0460,alpha
1657,human1_lib3.final_cell_0461,delta
1658,human1_lib3.final_cell_0462,beta
1659,human1_lib3.final_cell_0463,epsilon
1660,human1_lib3.final_cell_0464,beta
1661,human1_lib3.final_cell_0465,alpha
1662,human1_lib3.final_cell_0466,beta
1663,human1_lib3.final_cell_0467,beta
1664,human1_lib3.final_cell_0468,gamma
1665,human1_lib3.final_cell_0469,acinar
1666,human1_lib3.final_cell_0470,beta
1667,human1_lib3.final_cell_0471,alpha
1668,human1_lib3.final_cell_0472,beta
1669,human1_lib3.final_cell_0473,alpha
1670,human1_lib3.final_cell_0474,ductal
1671,human1_lib3.final_cell_0475,alpha
1672,human1_lib3.final_cell_0476,beta
1673,human1_lib3.final_cell_0477,beta
1674,human1_lib3.final_cell_0478,gamma
1675,human1_lib3.final_cell_0479,beta
1676,human1_lib3.final_cell_0480,beta
1677,human1_lib3.final_cell_0481,delta
1678,human1_lib3.final_cell_0482,delta
1679,human1_lib3.final_cell_0483,delta
1680,human1_lib3.final_cell_0484,quiescent_stellate
1681,human1_lib3.final_cell_0485,beta
1682,human1_lib3.final_cell_0486,beta
1683,human1_lib3.final_cell_0487,alpha
1684,human1_lib3.final_cell_0488,beta
1685,human1_lib3.final_cell_0489,alpha
1686,human1_lib3.final_cell_0490,alpha
1687,human1_lib3.final_cell_0491,beta
1688,human1_lib3.final_cell_0492,beta
1689,human1_lib3.final_cell_0493,beta
1690,human1_lib3.final_cell_0494,alpha
1691,human1_lib3.final_cell_0495,beta
1692,human1_lib3.final_cell_0496,beta
1693,human1_lib3.final_cell_0497,quiescent_stellate
1694,human1_lib3.final_cell_0498,alpha
1695,human1_lib3.final_cell_0499,endothelial
1696,human1_lib3.final_cell_0500,gamma
1697,human1_lib3.final_cell_0501,beta
1698,human1_lib3.final_cell_0502,beta
1699,human1_lib3.final_cell_0503,quiescent_stellate
1700,human1_lib3.final_cell_0504,beta
1701,human1_lib3.final_cell_0505,alpha
1702,human1_lib3.final_cell_0506,delta
1703,human1_lib3.final_cell_0507,beta
1704,human1_lib3.final_cell_0508,acinar
1705,human1_lib3.final_cell_0509,beta
1706,human1_lib3.final_cell_0510,endothelial
1707,human1_lib3.final_cell_0511,endothelial
1708,human1_lib3.final_cell_0512,beta
1709,human1_lib3.final_cell_0513,beta
1710,human1_lib3.final_cell_0514,alpha
1711,human1_lib3.final_cell_0515,beta
1712,human1_lib3.final_cell_0516,mast
1713,human1_lib3.final_cell_0517,beta
1714,human1_lib3.final_cell_0518,alpha
1715,human1_lib3.final_cell_0519,endothelial
1716,human1_lib3.final_cell_0520,beta
1717,human1_lib3.final_cell_0521,beta
1718,human1_lib3.final_cell_0522,beta
1719,human1_lib3.final_cell_0523,endothelial
1720,human1_lib3.final_cell_0524,alpha
1721,human1_lib3.final_cell_0525,beta
1722,human1_lib3.final_cell_0526,beta
1723,human1_lib3.final_cell_0527,beta
1724,human1_lib3.final_cell_0528,beta
1725,human1_lib3.final_cell_0529,alpha
1726,human1_lib3.final_cell_0530,mast
1727,human1_lib3.final_cell_0531,beta
1728,human1_lib3.final_cell_0532,epsilon
1729,human1_lib3.final_cell_0533,endothelial
1730,human1_lib3.final_cell_0534,quiescent_stellate
1731,human1_lib3.final_cell_0535,alpha
1732,human1_lib3.final_cell_0536,alpha
1733,human1_lib3.final_cell_0537,beta
1734,human1_lib3.final_cell_0538,beta
1735,human1_lib3.final_cell_0539,acinar
1736,human1_lib3.final_cell_0540,delta
1737,human1_lib3.final_cell_0541,acinar
1738,human1_lib3.final_cell_0542,beta
1739,human1_lib3.final_cell_0543,beta
1740,human1_lib3.final_cell_0544,endothelial
1741,human1_lib3.final_cell_0545,beta
1742,human1_lib3.final_cell_0546,macrophage
1743,human1_lib3.final_cell_0547,acinar
1744,human1_lib3.final_cell_0548,quiescent_stellate
1745,human1_lib3.final_cell_0549,beta
1746,human1_lib3.final_cell_0550,beta
1747,human1_lib3.final_cell_0551,beta
1748,human1_lib3.final_cell_0552,endothelial
1749,human1_lib3.final_cell_0553,beta
1750,human1_lib3.final_cell_0554,beta
1751,human1_lib3.final_cell_0555,ductal
1752,human1_lib3.final_cell_0556,beta
1753,human1_lib3.final_cell_0557,beta
1754,human1_lib3.final_cell_0558,quiescent_stellate
1755,human1_lib3.final_cell_0559,beta
1756,human1_lib3.final_cell_0560,acinar
1757,human1_lib3.final_cell_0561,beta
1758,human1_lib3.final_cell_0562,delta
1759,human1_lib3.final_cell_0563,beta
1760,human1_lib3.final_cell_0564,beta
1761,human1_lib3.final_cell_0565,beta
1762,human1_lib3.final_cell_0566,beta
1763,human1_lib3.final_cell_0567,quiescent_stellate
1764,human1_lib3.final_cell_0568,alpha
1765,human1_lib3.final_cell_0569,endothelial
1766,human1_lib3.final_cell_0570,beta
1767,human1_lib3.final_cell_0571,delta
1768,human1_lib3.final_cell_0572,gamma
1769,human1_lib3.final_cell_0573,beta
1770,human1_lib3.final_cell_0574,quiescent_stellate
1771,human1_lib3.final_cell_0575,endothelial
1772,human1_lib3.final_cell_0576,alpha
1773,human1_lib3.final_cell_0577,beta
1774,human1_lib3.final_cell_0578,ductal
1775,human1_lib3.final_cell_0579,beta
1776,human1_lib3.final_cell_0580,beta
1777,human1_lib3.final_cell_0581,beta
1778,human1_lib3.final_cell_0582,quiescent_stellate
1779,human1_lib3.final_cell_0583,beta
1780,human1_lib3.final_cell_0584,epsilon
1781,human1_lib3.final_cell_0585,beta
1782,human1_lib3.final_cell_0586,beta
1783,human1_lib3.final_cell_0587,alpha
1784,human1_lib3.final_cell_0588,beta
1785,human1_lib3.final_cell_0589,endothelial
1786,human1_lib3.final_cell_0590,endothelial
1787,human1_lib3.final_cell_0591,quiescent_stellate
1788,human1_lib3.final_cell_0592,beta
1789,human1_lib3.final_cell_0593,beta
1790,human1_lib3.final_cell_0594,epsilon
1791,human1_lib3.final_cell_0595,quiescent_stellate
1792,human1_lib3.final_cell_0596,beta
1793,human1_lib3.final_cell_0597,mast
1794,human1_lib3.final_cell_0598,ductal
1795,human1_lib3.final_cell_0599,alpha
1796,human1_lib3.final_cell_0600,acinar
1797,human1_lib3.final_cell_0601,acinar
1798,human1_lib3.final_cell_0602,endothelial
1799,human1_lib3.final_cell_0603,ductal
1800,human1_lib3.final_cell_0604,endothelial
1801,human1_lib3.final_cell_0605,alpha
1802,human1_lib3.final_cell_0606,delta
1803,human1_lib3.final_cell_0607,beta
1804,human1_lib3.final_cell_0608,beta
1805,human1_lib3.final_cell_0609,beta
1806,human1_lib3.final_cell_0610,ductal
1807,human1_lib3.final_cell_0611,quiescent_stellate
1808,human1_lib3.final_cell_0612,beta
1809,human1_lib3.final_cell_0613,macrophage
1810,human1_lib3.final_cell_0614,delta
1811,human1_lib3.final_cell_0615,endothelial
1812,human1_lib3.final_cell_0616,alpha
1813,human1_lib3.final_cell_0617,beta
1814,human1_lib3.final_cell_0618,endothelial
1815,human1_lib3.final_cell_0619,beta
1816,human1_lib3.final_cell_0620,beta
1817,human1_lib3.final_cell_0621,endothelial
1818,human1_lib3.final_cell_0622,delta
1819,human1_lib3.final_cell_0623,acinar
1820,human1_lib3.final_cell_0624,acinar
1821,human1_lib3.final_cell_0625,endothelial
1822,human1_lib3.final_cell_0626,beta
1823,human1_lib3.final_cell_0627,endothelial
1824,human1_lib3.final_cell_0628,acinar
1825,human1_lib3.final_cell_0629,beta
1826,human1_lib3.final_cell_0630,delta
1827,human1_lib3.final_cell_0631,quiescent_stellate
1828,human1_lib3.final_cell_0632,quiescent_stellate
1829,human1_lib3.final_cell_0633,beta
1830,human1_lib3.final_cell_0634,beta
1831,human1_lib3.final_cell_0635,quiescent_stellate
1832,human1_lib3.final_cell_0636,alpha
1833,human1_lib3.final_cell_0637,quiescent_stellate
1834,human1_lib3.final_cell_0638,quiescent_stellate
1835,human1_lib3.final_cell_0639,beta
1836,human1_lib3.final_cell_0640,quiescent_stellate
1837,human1_lib3.final_cell_0641,schwann
1838,human1_lib3.final_cell_0642,beta
1839,human1_lib3.final_cell_0643,beta
1840,human1_lib3.final_cell_0644,beta
1841,human1_lib3.final_cell_0645,beta
1842,human1_lib3.final_cell_0646,beta
1843,human1_lib3.final_cell_0647,beta
1844,human1_lib3.final_cell_0648,beta
1845,human1_lib3.final_cell_0649,endothelial
1846,human1_lib3.final_cell_0650,ductal
1847,human1_lib3.final_cell_0651,beta
1848,human1_lib3.final_cell_0652,beta
1849,human1_lib3.final_cell_0653,beta
1850,human1_lib3.final_cell_0654,beta
1851,human1_lib3.final_cell_0655,alpha
1852,human1_lib3.final_cell_0656,quiescent_stellate
1853,human1_lib3.final_cell_0657,quiescent_stellate
1854,human1_lib3.final_cell_0658,beta
1855,human1_lib3.final_cell_0659,beta
1856,human1_lib3.final_cell_0660,alpha
1857,human1_lib3.final_cell_0661,ductal
1858,human1_lib3.final_cell_0662,quiescent_stellate
1859,human1_lib3.final_cell_0663,beta
1860,human1_lib3.final_cell_0664,endothelial
1861,human1_lib3.final_cell_0665,delta
1862,human1_lib3.final_cell_0666,beta
1863,human1_lib3.final_cell_0667,beta
1864,human1_lib3.final_cell_0668,alpha
1865,human1_lib3.final_cell_0669,beta
1866,human1_lib3.final_cell_0670,beta
1867,human1_lib3.final_cell_0671,endothelial
1868,human1_lib3.final_cell_0672,beta
1869,human1_lib3.final_cell_0673,endothelial
1870,human1_lib3.final_cell_0674,alpha
1871,human1_lib3.final_cell_0675,quiescent_stellate
1872,human1_lib3.final_cell_0676,endothelial
1873,human1_lib3.final_cell_0677,alpha
1874,human1_lib3.final_cell_0678,alpha
1875,human1_lib3.final_cell_0679,ductal
1876,human1_lib3.final_cell_0680,quiescent_stellate
1877,human1_lib3.final_cell_0681,endothelial
1878,human1_lib3.final_cell_0682,beta
1879,human1_lib3.final_cell_0683,gamma
1880,human1_lib3.final_cell_0684,epsilon
1881,human1_lib3.final_cell_0685,activated_stellate
1882,human1_lib3.final_cell_0686,alpha
1883,human1_lib3.final_cell_0687,activated_stellate
1884,human1_lib3.final_cell_0688,beta
1885,human1_lib3.final_cell_0689,beta
1886,human1_lib3.final_cell_0690,mast
1887,human1_lib3.final_cell_0691,activated_stellate
1888,human1_lib3.final_cell_0692,epsilon
1889,human1_lib3.final_cell_0693,quiescent_stellate
1890,human1_lib3.final_cell_0694,endothelial
1891,human1_lib3.final_cell_0695,gamma
1892,human1_lib3.final_cell_0696,beta
1893,human1_lib3.final_cell_0697,quiescent_stellate
1894,human1_lib3.final_cell_0698,quiescent_stellate
1895,human1_lib3.final_cell_0699,alpha
1896,human1_lib3.final_cell_0700,beta
1897,human1_lib3.final_cell_0701,beta
1898,human1_lib3.final_cell_0702,beta
1899,human1_lib3.final_cell_0703,beta
1900,human1_lib3.final_cell_0704,t_cell
1901,human1_lib3.final_cell_0705,beta
1902,human1_lib3.final_cell_0706,beta
1903,human1_lib3.final_cell_0707,beta
1904,human1_lib3.final_cell_0708,alpha
1905,human1_lib3.final_cell_0709,beta
1906,human1_lib3.final_cell_0710,endothelial
1907,human1_lib3.final_cell_0711,endothelial
1908,human1_lib3.final_cell_0712,mast
1909,human1_lib3.final_cell_0713,beta
1910,human1_lib3.final_cell_0714,quiescent_stellate
1911,human1_lib3.final_cell_0715,beta
1912,human1_lib3.final_cell_0716,beta
1913,human1_lib3.final_cell_0717,beta
1914,human1_lib3.final_cell_0718,beta
1915,human1_lib3.final_cell_0719,beta
1916,human1_lib3.final_cell_0720,endothelial
1917,human1_lib3.final_cell_0721,t_cell
1918,human1_lib3.final_cell_0722,ductal
1919,human1_lib3.final_cell_0723,quiescent_stellate
1920,human1_lib3.final_cell_0724,beta
1921,human1_lib3.final_cell_0725,beta
1922,human1_lib3.final_cell_0726,quiescent_stellate
1923,human1_lib3.final_cell_0727,quiescent_stellate
1924,human1_lib3.final_cell_0728,quiescent_stellate
1925,human1_lib3.final_cell_0729,beta
1926,human1_lib3.final_cell_0730,beta
1927,human1_lib3.final_cell_0731,alpha
1928,human1_lib3.final_cell_0732,beta
1929,human1_lib3.final_cell_0733,beta
1930,human1_lib3.final_cell_0734,beta
1931,human1_lib3.final_cell_0735,alpha
1932,human1_lib3.final_cell_0736,endothelial
1933,human1_lib3.final_cell_0737,beta
1934,human1_lib3.final_cell_0738,endothelial
1935,human1_lib3.final_cell_0739,beta
1936,human1_lib3.final_cell_0740,quiescent_stellate
